Accident_ID,Date,Time,Location,Weather_Conditions,Road_Type,Light_Conditions,Number_of_Casualties,Vehicle_Type,Accident_Severity,Speed_Limit,Urban_or_Rural
1,2023-04-13,12:00:00,Kanpur,Snow,One Way,Darkness - lights lit,4,Truck,Serious,40,Urban
2,2024-03-11,04:00:00,Allahabad,Clear,Single Carriageway,Daylight,3,Bicycle,Slight,100,Urban
3,2025-05-10,22:00:00,Lucknow,Rain,Roundabout,Darkness - lights lit,3,Car,Slight,60,Rural
4,2023-09-28,23:00:00,Varanasi,Clear,Dual Carriageway,Darkness - lights lit,3,Bicycle,Slight,40,Urban
5,2023-04-17,00:00:00,Lucknow,Clear,Roundabout,Daylight,5,Motorcycle,Slight,30,Rural
6,2023-03-13,21:00:00,Noida,Clear,Single Carriageway,Darkness - lights lit,3,Truck,Slight,40,Urban
7,2024-12-01,00:00:00,Noida,Clear,Single Carriageway,Daylight,1,Motorcycle,Serious,40,Urban
8,2023-01-21,17:00:00,Allahabad,Clear,Slip Road,Daylight,3,Car,Fatal,80,Urban
9,2024-09-06,14:00:00,Agra,Clear,Single Carriageway,Darkness - lights lit,4,Truck,Slight,60,Urban
10,2023-05-02,16:00:00,Agra,Clear,Roundabout,Daylight,1,Auto-Rickshaw,Serious,100,Urban
11,2024-04-11,10:00:00,Allahabad,Clear,One Way,Daylight,3,Bus,Slight,80,Rural
12,2023-08-03,20:00:00,Noida,Clear,One Way,Daylight,3,Bicycle,Slight,50,Rural
13,2023-11-27,21:00:00,Noida,Clear,Slip Road,Daylight,2,Motorcycle,Serious,40,Urban
14,2024-04-03,16:00:00,Noida,Snow,Roundabout,Daylight,5,Car,Slight,50,Urban
15,2023-03-29,12:00:00,Lucknow,Rain,Roundabout,Darkness - lights lit,1,Bus,Fatal,80,Urban
16,2024-01-08,00:00:00,Noida,Clear,Single Carriageway,Daylight,2,Bicycle,Slight,60,Rural
17,2023-04-10,01:00:00,Kanpur,Clear,Roundabout,Daylight,4,Bus,Slight,80,Urban
18,2025-05-21,08:00:00,Varanasi,Cloudy,Dual Carriageway,Daylight,5,Bicycle,Slight,60,Rural
19,2024-10-25,02:00:00,Noida,Rain,Single Carriageway,Darkness - lights lit,1,Auto-Rickshaw,Slight,60,Urban
20,2023-05-11,00:00:00,Allahabad,Clear,Dual Carriageway,Darkness - lights lit,3,Truck,Slight,30,Urban
21,2024-10-23,20:00:00,Varanasi,Fog,Slip Road,Darkness - no lights,1,Bus,Fatal,40,Rural
22,2023-11-05,15:00:00,Lucknow,Clear,One Way,Darkness - lights lit,3,Bus,Serious,80,Urban
23,2025-02-08,22:00:00,Allahabad,Clear,Slip Road,Darkness - lights lit,5,Bus,Serious,60,Urban
24,2023-12-10,05:00:00,Varanasi,Rain,One Way,Daylight,3,Truck,Slight,80,Urban
25,2024-05-06,16:00:00,Allahabad,Clear,Slip Road,Daylight,4,Car,Slight,80,Urban
26,2024-02-18,04:00:00,Lucknow,Cloudy,Roundabout,Daylight,3,Bicycle,Slight,60,Urban
27,2025-03-16,04:00:00,Kanpur,Rain,Dual Carriageway,Darkness - lights lit,4,Auto-Rickshaw,Slight,100,Rural
28,2024-01-21,05:00:00,Lucknow,Clear,One Way,Darkness - lights lit,5,Bus,Slight,50,Rural
29,2023-07-11,02:00:00,Lucknow,Clear,Single Carriageway,Daylight,5,Truck,Serious,40,Urban
30,2025-08-13,20:00:00,Allahabad,Clear,Dual Carriageway,Darkness - lights lit,1,Car,Slight,40,Rural
31,2023-10-04,22:00:00,Agra,Clear,Single Carriageway,Daylight,4,Bicycle,Slight,100,Urban
32,2023-06-10,04:00:00,Noida,Rain,Dual Carriageway,Daylight,4,Truck,Slight,30,Urban
33,2024-04-04,20:00:00,Noida,Clear,Dual Carriageway,Daylight,2,Auto-Rickshaw,Slight,100,Urban
34,2023-11-10,04:00:00,Kanpur,Clear,Slip Road,Daylight,2,Auto-Rickshaw,Slight,30,Urban
35,2023-01-22,09:00:00,Kanpur,Rain,One Way,Daylight,2,Bicycle,Serious,30,Urban
36,2023-09-10,09:00:00,Noida,Clear,One Way,Daylight,3,Bus,Slight,100,Rural
37,2025-01-17,18:00:00,Agra,Rain,Dual Carriageway,Daylight,2,Auto-Rickshaw,Serious,40,Urban
38,2025-05-06,16:00:00,Noida,Clear,Roundabout,Daylight,4,Car,Slight,50,Urban
39,2024-07-14,20:00:00,Agra,Cloudy,Roundabout,Darkness - lights lit,3,Truck,Slight,40,Urban
40,2024-04-19,13:00:00,Kanpur,Clear,Single Carriageway,Darkness - lights lit,5,Car,Slight,40,Rural
41,2023-02-28,08:00:00,Varanasi,Clear,Single Carriageway,Darkness - lights lit,1,Bus,Serious,40,Rural
42,2024-05-25,13:00:00,Allahabad,Clear,Slip Road,Daylight,2,Car,Serious,100,Urban
43,2024-11-12,00:00:00,Kanpur,Clear,Dual Carriageway,Daylight,5,Car,Slight,100,Urban
44,2024-04-20,18:00:00,Kanpur,Rain,Single Carriageway,Darkness - lights lit,4,Motorcycle,Slight,100,Urban
45,2024-11-30,12:00:00,Lucknow,Rain,Single Carriageway,Daylight,1,Car,Slight,40,Urban
46,2025-09-02,12:00:00,Lucknow,Rain,Dual Carriageway,Daylight,5,Bicycle,Slight,50,Urban
47,2025-02-21,03:00:00,Lucknow,Clear,Slip Road,Daylight,1,Truck,Serious,30,Urban
48,2023-07-09,00:00:00,Allahabad,Clear,Single Carriageway,Daylight,2,Motorcycle,Slight,80,Urban
49,2025-08-15,16:00:00,Lucknow,Clear,Slip Road,Daylight,4,Truck,Slight,30,Urban
50,2024-11-17,07:00:00,Agra,Clear,One Way,Daylight,1,Truck,Slight,30,Urban
51,2025-08-15,01:00:00,Noida,Fog,Slip Road,Daylight,5,Bus,Slight,80,Rural
52,2024-07-16,07:00:00,Varanasi,Clear,Roundabout,Daylight,2,Bus,Slight,40,Rural
53,2025-05-25,06:00:00,Kanpur,Clear,Roundabout,Daylight,2,Motorcycle,Slight,50,Urban
54,2024-07-20,01:00:00,Agra,Clear,Slip Road,Daylight,5,Auto-Rickshaw,Serious,50,Urban
55,2023-09-01,21:00:00,Varanasi,Fog,Roundabout,Daylight,5,Bus,Serious,30,Urban
56,2025-04-11,21:00:00,Agra,Rain,One Way,Daylight,1,Bus,Slight,80,Urban
57,2024-05-19,02:00:00,Agra,Fog,Dual Carriageway,Daylight,3,Bus,Serious,60,Rural
58,2023-05-11,17:00:00,Kanpur,Clear,Roundabout,Daylight,2,Truck,Slight,40,Urban
59,2024-04-29,11:00:00,Noida,Clear,Roundabout,Daylight,1,Motorcycle,Slight,30,Rural
60,2025-03-29,00:00:00,Lucknow,Fog,Slip Road,Daylight,5,Truck,Slight,50,Rural
61,2024-10-08,21:00:00,Allahabad,Rain,One Way,Daylight,1,Bicycle,Slight,100,Urban
62,2023-01-21,11:00:00,Noida,Clear,Dual Carriageway,Darkness - lights lit,5,Truck,Slight,100,Urban
63,2025-04-20,04:00:00,Allahabad,Rain,Slip Road,Daylight,4,Bicycle,Slight,80,Urban
64,2023-06-16,16:00:00,Kanpur,Fog,Slip Road,Daylight,5,Car,Slight,80,Urban
65,2023-10-01,15:00:00,Kanpur,Rain,One Way,Daylight,5,Car,Fatal,30,Urban
66,2024-01-23,14:00:00,Kanpur,Rain,Dual Carriageway,Daylight,5,Bicycle,Slight,60,Urban
67,2024-08-23,22:00:00,Varanasi,Clear,One Way,Daylight,3,Bicycle,Slight,50,Rural
68,2023-11-12,14:00:00,Allahabad,Clear,Dual Carriageway,Daylight,5,Truck,Slight,30,Urban
69,2023-01-14,04:00:00,Noida,Clear,One Way,Darkness - lights lit,2,Bicycle,Slight,60,Urban
70,2023-08-30,20:00:00,Noida,Fog,Slip Road,Daylight,2,Motorcycle,Slight,80,Rural
71,2025-02-15,13:00:00,Agra,Fog,Slip Road,Daylight,1,Car,Serious,100,Rural
72,2023-12-12,01:00:00,Agra,Fog,Single Carriageway,Daylight,3,Car,Slight,40,Urban
73,2024-07-18,10:00:00,Agra,Clear,Roundabout,Darkness - lights lit,1,Auto-Rickshaw,Slight,100,Rural
74,2025-06-16,18:00:00,Kanpur,Rain,One Way,Daylight,2,Bicycle,Slight,50,Urban
75,2023-12-06,06:00:00,Noida,Rain,Single Carriageway,Darkness - no lights,2,Bus,Slight,50,Urban
76,2023-04-02,05:00:00,Allahabad,Rain,Roundabout,Daylight,4,Bus,Slight,100,Urban
77,2024-01-02,01:00:00,Kanpur,Rain,One Way,Darkness - no lights,5,Bicycle,Slight,100,Urban
78,2025-08-13,05:00:00,Varanasi,Fog,Dual Carriageway,Darkness - lights lit,2,Motorcycle,Slight,60,Rural
79,2024-03-30,17:00:00,Agra,Clear,Roundabout,Daylight,1,Bus,Slight,30,Rural
80,2024-03-03,01:00:00,Kanpur,Clear,Slip Road,Daylight,1,Auto-Rickshaw,Slight,80,Rural
81,2024-05-23,17:00:00,Kanpur,Clear,Single Carriageway,Daylight,5,Bicycle,Fatal,60,Urban
82,2025-02-14,14:00:00,Varanasi,Clear,Roundabout,Daylight,5,Motorcycle,Slight,40,Urban
83,2025-07-31,18:00:00,Lucknow,Rain,Roundabout,Darkness - lights lit,4,Motorcycle,Serious,100,Urban
84,2023-02-04,01:00:00,Noida,Rain,Slip Road,Daylight,3,Truck,Serious,40,Urban
85,2023-07-25,19:00:00,Allahabad,Clear,One Way,Daylight,1,Motorcycle,Slight,40,Rural
86,2023-03-22,05:00:00,Lucknow,Clear,Dual Carriageway,Daylight,5,Bus,Slight,60,Rural
87,2025-07-20,00:00:00,Agra,Rain,Slip Road,Darkness - lights lit,1,Bus,Slight,80,Urban
88,2024-07-15,23:00:00,Kanpur,Clear,Dual Carriageway,Daylight,5,Bicycle,Slight,50,Urban
89,2025-05-21,14:00:00,Varanasi,Clear,One Way,Daylight,2,Bicycle,Slight,30,Urban
90,2024-01-23,22:00:00,Varanasi,Clear,Roundabout,Daylight,1,Motorcycle,Serious,50,Urban
91,2023-01-02,09:00:00,Noida,Clear,Dual Carriageway,Darkness - lights lit,2,Auto-Rickshaw,Serious,80,Urban
92,2024-01-25,18:00:00,Lucknow,Clear,Single Carriageway,Daylight,1,Car,Slight,50,Urban
93,2024-07-19,16:00:00,Noida,Clear,Single Carriageway,Daylight,3,Truck,Slight,100,Urban
94,2023-04-16,04:00:00,Kanpur,Clear,Slip Road,Daylight,4,Car,Slight,100,Urban
95,2025-02-10,03:00:00,Noida,Fog,One Way,Daylight,2,Motorcycle,Serious,60,Urban
96,2025-04-01,09:00:00,Allahabad,Clear,Slip Road,Daylight,5,Motorcycle,Slight,40,Urban
97,2024-04-21,23:00:00,Varanasi,Rain,Slip Road,Darkness - lights lit,3,Car,Slight,80,Rural
98,2024-12-03,16:00:00,Varanasi,Clear,Slip Road,Darkness - lights lit,1,Truck,Serious,80,Urban
99,2024-02-06,09:00:00,Agra,Clear,Single Carriageway,Daylight,2,Car,Slight,50,Rural
100,2024-12-30,16:00:00,Agra,Rain,Single Carriageway,Darkness - lights lit,1,Bicycle,Serious,60,Urban
101,2024-07-09,19:00:00,Kanpur,Clear,Slip Road,Daylight,1,Bus,Slight,50,Urban
102,2023-06-11,23:00:00,Allahabad,Clear,Single Carriageway,Darkness - lights lit,1,Auto-Rickshaw,Slight,50,Urban
103,2023-07-21,04:00:00,Lucknow,Clear,One Way,Darkness - lights lit,4,Bicycle,Serious,80,Urban
104,2025-08-15,01:00:00,Noida,Rain,Slip Road,Daylight,4,Bus,Slight,50,Rural
105,2025-09-22,05:00:00,Kanpur,Clear,Single Carriageway,Darkness - lights lit,5,Auto-Rickshaw,Slight,40,Urban
106,2023-09-27,20:00:00,Agra,Clear,Dual Carriageway,Daylight,2,Auto-Rickshaw,Slight,50,Rural
107,2025-05-12,01:00:00,Noida,Rain,Slip Road,Daylight,3,Auto-Rickshaw,Slight,40,Rural
108,2025-03-26,12:00:00,Agra,Clear,Slip Road,Daylight,3,Motorcycle,Slight,80,Urban
109,2023-09-28,10:00:00,Noida,Rain,One Way,Daylight,3,Auto-Rickshaw,Slight,60,Urban
110,2024-03-31,10:00:00,Lucknow,Rain,Roundabout,Darkness - lights lit,1,Truck,Slight,100,Rural
111,2024-04-06,15:00:00,Kanpur,Cloudy,Roundabout,Darkness - lights lit,4,Car,Slight,40,Urban
112,2024-12-27,10:00:00,Noida,Clear,One Way,Daylight,2,Truck,Serious,60,Rural
113,2023-09-09,18:00:00,Allahabad,Fog,One Way,Darkness - lights lit,1,Car,Serious,60,Urban
114,2024-12-02,14:00:00,Varanasi,Clear,One Way,Darkness - lights lit,4,Bicycle,Slight,40,Urban
115,2023-10-23,22:00:00,Allahabad,Clear,Roundabout,Daylight,4,Bicycle,Slight,80,Urban
116,2024-12-25,22:00:00,Allahabad,Clear,One Way,Daylight,2,Car,Slight,30,Urban
117,2024-12-20,15:00:00,Varanasi,Rain,Single Carriageway,Daylight,2,Truck,Slight,60,Rural
118,2025-01-18,10:00:00,Allahabad,Clear,Slip Road,Daylight,2,Car,Serious,60,Urban
119,2023-12-04,21:00:00,Noida,Clear,Slip Road,Darkness - lights lit,1,Auto-Rickshaw,Serious,80,Rural
120,2025-05-28,15:00:00,Noida,Clear,Dual Carriageway,Daylight,5,Motorcycle,Slight,80,Urban
121,2023-02-22,07:00:00,Noida,Fog,Dual Carriageway,Darkness - lights lit,2,Bicycle,Slight,50,Urban
122,2025-03-02,03:00:00,Varanasi,Rain,Slip Road,Daylight,5,Motorcycle,Slight,80,Urban
123,2025-07-10,07:00:00,Allahabad,Rain,Single Carriageway,Daylight,1,Auto-Rickshaw,Slight,60,Urban
124,2023-08-05,03:00:00,Varanasi,Clear,Roundabout,Daylight,5,Auto-Rickshaw,Slight,40,Urban
125,2025-02-02,23:00:00,Noida,Clear,Roundabout,Daylight,3,Bicycle,Fatal,30,Urban
126,2023-07-07,02:00:00,Allahabad,Rain,Single Carriageway,Daylight,5,Bicycle,Serious,50,Rural
127,2024-01-15,02:00:00,Allahabad,Clear,Roundabout,Daylight,2,Auto-Rickshaw,Slight,40,Urban
128,2024-05-07,17:00:00,Agra,Clear,One Way,Daylight,1,Bus,Slight,30,Urban
129,2023-02-10,18:00:00,Agra,Rain,Slip Road,Daylight,2,Motorcycle,Serious,30,Rural
130,2023-06-06,18:00:00,Lucknow,Cloudy,Slip Road,Daylight,3,Motorcycle,Slight,30,Rural
131,2023-01-15,20:00:00,Kanpur,Rain,Single Carriageway,Darkness - lights lit,2,Bus,Slight,100,Urban
132,2025-03-23,04:00:00,Agra,Rain,Roundabout,Daylight,2,Truck,Slight,40,Urban
133,2023-03-06,17:00:00,Varanasi,Cloudy,Dual Carriageway,Daylight,2,Motorcycle,Serious,50,Rural
134,2025-05-06,09:00:00,Agra,Clear,Dual Carriageway,Daylight,4,Car,Slight,50,Urban
135,2025-04-18,21:00:00,Lucknow,Clear,Roundabout,Daylight,3,Auto-Rickshaw,Slight,30,Urban
136,2024-06-04,20:00:00,Allahabad,Cloudy,Dual Carriageway,Darkness - lights lit,2,Auto-Rickshaw,Serious,40,Urban
137,2023-12-10,05:00:00,Lucknow,Clear,Single Carriageway,Daylight,2,Bus,Serious,100,Rural
138,2023-05-09,00:00:00,Allahabad,Rain,Single Carriageway,Daylight,2,Motorcycle,Serious,30,Urban
139,2024-10-09,04:00:00,Allahabad,Clear,Roundabout,Darkness - lights lit,1,Truck,Slight,80,Rural
140,2024-04-16,08:00:00,Kanpur,Clear,Dual Carriageway,Daylight,4,Motorcycle,Slight,50,Urban
141,2023-03-04,11:00:00,Agra,Rain,Single Carriageway,Daylight,1,Auto-Rickshaw,Serious,60,Rural
142,2023-05-19,13:00:00,Varanasi,Snow,Single Carriageway,Daylight,4,Bicycle,Serious,30,Urban
143,2024-05-13,01:00:00,Varanasi,Rain,One Way,Daylight,2,Car,Slight,80,Urban
144,2024-08-15,16:00:00,Noida,Clear,One Way,Daylight,3,Bus,Slight,50,Rural
145,2024-01-27,13:00:00,Allahabad,Fog,Single Carriageway,Daylight,5,Bicycle,Serious,100,Urban
146,2024-11-05,12:00:00,Varanasi,Clear,Roundabout,Darkness - lights lit,5,Truck,Serious,40,Urban
147,2024-02-23,08:00:00,Kanpur,Clear,Slip Road,Darkness - lights lit,2,Bicycle,Slight,50,Urban
148,2023-10-16,14:00:00,Allahabad,Clear,Slip Road,Daylight,1,Bicycle,Slight,40,Urban
149,2024-01-14,21:00:00,Kanpur,Clear,Single Carriageway,Daylight,3,Truck,Slight,40,Urban
150,2025-02-11,14:00:00,Varanasi,Clear,Single Carriageway,Darkness - lights lit,4,Bicycle,Slight,100,Rural
151,2024-05-04,23:00:00,Varanasi,Snow,Single Carriageway,Daylight,2,Bus,Slight,100,Urban
152,2023-08-19,10:00:00,Noida,Rain,Roundabout,Darkness - lights lit,3,Auto-Rickshaw,Slight,30,Urban
153,2023-02-10,15:00:00,Varanasi,Rain,One Way,Darkness - lights lit,3,Motorcycle,Slight,30,Urban
154,2023-01-28,16:00:00,Allahabad,Clear,Single Carriageway,Darkness - lights lit,4,Bicycle,Slight,50,Rural
155,2023-05-15,03:00:00,Allahabad,Snow,Single Carriageway,Daylight,3,Bus,Slight,100,Rural
156,2023-07-20,00:00:00,Allahabad,Snow,Dual Carriageway,Daylight,1,Motorcycle,Serious,80,Urban
157,2025-04-19,07:00:00,Noida,Rain,Roundabout,Daylight,1,Motorcycle,Slight,50,Urban
158,2025-02-18,16:00:00,Noida,Clear,Single Carriageway,Darkness - lights lit,1,Bicycle,Slight,60,Rural
159,2025-07-18,02:00:00,Varanasi,Clear,Dual Carriageway,Daylight,3,Bus,Serious,40,Urban
160,2023-02-02,19:00:00,Lucknow,Clear,Slip Road,Darkness - lights lit,1,Auto-Rickshaw,Slight,40,Rural
161,2023-02-17,14:00:00,Lucknow,Clear,Single Carriageway,Daylight,4,Bicycle,Fatal,30,Rural
162,2024-05-17,14:00:00,Noida,Clear,Single Carriageway,Daylight,3,Truck,Serious,80,Rural
163,2024-02-11,23:00:00,Varanasi,Snow,Dual Carriageway,Daylight,5,Motorcycle,Slight,100,Urban
164,2024-07-27,21:00:00,Lucknow,Clear,Roundabout,Daylight,3,Bicycle,Fatal,100,Rural
165,2024-12-28,13:00:00,Varanasi,Clear,Single Carriageway,Daylight,4,Motorcycle,Slight,30,Rural
166,2025-03-15,22:00:00,Varanasi,Clear,Slip Road,Daylight,5,Bus,Slight,60,Urban
167,2023-04-09,13:00:00,Varanasi,Clear,Single Carriageway,Darkness - no lights,3,Car,Slight,50,Urban
168,2024-11-14,23:00:00,Agra,Clear,Slip Road,Daylight,1,Bicycle,Slight,50,Urban
169,2025-05-21,01:00:00,Allahabad,Clear,One Way,Daylight,2,Auto-Rickshaw,Serious,80,Urban
170,2024-12-26,12:00:00,Varanasi,Clear,One Way,Daylight,2,Bicycle,Slight,30,Urban
171,2025-09-13,13:00:00,Agra,Rain,Slip Road,Darkness - lights lit,1,Motorcycle,Slight,30,Urban
172,2024-06-30,23:00:00,Noida,Cloudy,Roundabout,Darkness - lights lit,2,Bus,Slight,60,Urban
173,2025-08-18,18:00:00,Lucknow,Clear,Single Carriageway,Daylight,2,Truck,Slight,50,Urban
174,2025-01-08,06:00:00,Allahabad,Clear,Single Carriageway,Darkness - lights lit,1,Auto-Rickshaw,Slight,30,Urban
175,2024-09-04,02:00:00,Lucknow,Fog,One Way,Darkness - lights lit,1,Bus,Slight,100,Rural
176,2025-07-31,14:00:00,Allahabad,Clear,Slip Road,Daylight,3,Bicycle,Serious,80,Rural
177,2024-04-06,22:00:00,Lucknow,Clear,Single Carriageway,Daylight,3,Truck,Slight,50,Urban
178,2024-10-04,13:00:00,Allahabad,Fog,Single Carriageway,Daylight,1,Bus,Serious,60,Urban
179,2025-02-07,10:00:00,Lucknow,Clear,Roundabout,Daylight,4,Car,Slight,80,Urban
180,2023-01-05,14:00:00,Lucknow,Rain,Dual Carriageway,Darkness - lights lit,2,Auto-Rickshaw,Serious,40,Rural
181,2023-08-06,12:00:00,Lucknow,Clear,One Way,Daylight,3,Motorcycle,Serious,100,Rural
182,2024-05-17,17:00:00,Lucknow,Clear,One Way,Darkness - lights lit,2,Bus,Slight,60,Rural
183,2025-02-05,05:00:00,Noida,Clear,Dual Carriageway,Daylight,5,Bus,Slight,80,Urban
184,2024-02-02,02:00:00,Varanasi,Rain,Single Carriageway,Daylight,1,Car,Serious,30,Rural
185,2025-05-20,18:00:00,Kanpur,Clear,Roundabout,Daylight,4,Bicycle,Slight,40,Urban
186,2025-03-05,14:00:00,Agra,Clear,Roundabout,Daylight,5,Auto-Rickshaw,Fatal,60,Rural
187,2024-01-28,22:00:00,Kanpur,Rain,One Way,Darkness - lights lit,5,Auto-Rickshaw,Slight,30,Urban
188,2023-07-26,04:00:00,Kanpur,Clear,Roundabout,Darkness - lights lit,5,Motorcycle,Slight,100,Rural
189,2023-01-15,09:00:00,Allahabad,Clear,Dual Carriageway,Daylight,1,Bus,Slight,40,Urban
190,2025-05-07,06:00:00,Varanasi,Fog,Single Carriageway,Daylight,3,Truck,Fatal,50,Rural
191,2024-07-07,16:00:00,Allahabad,Clear,Dual Carriageway,Daylight,1,Bus,Slight,30,Rural
192,2025-06-10,06:00:00,Varanasi,Fog,Slip Road,Daylight,3,Motorcycle,Serious,80,Urban
193,2024-04-05,21:00:00,Varanasi,Rain,One Way,Daylight,5,Bus,Serious,60,Urban
194,2024-11-21,11:00:00,Lucknow,Rain,Roundabout,Daylight,5,Car,Slight,40,Rural
195,2024-07-28,16:00:00,Noida,Clear,Slip Road,Daylight,4,Bus,Slight,30,Urban
196,2025-05-13,12:00:00,Lucknow,Cloudy,Roundabout,Darkness - lights lit,3,Bus,Serious,50,Urban
197,2025-01-12,19:00:00,Noida,Clear,Single Carriageway,Daylight,5,Truck,Slight,60,Urban
198,2023-08-29,03:00:00,Allahabad,Rain,Single Carriageway,Daylight,2,Car,Serious,60,Urban
199,2024-07-17,09:00:00,Noida,Clear,Single Carriageway,Daylight,4,Car,Slight,30,Urban
200,2023-04-06,02:00:00,Allahabad,Clear,Roundabout,Daylight,1,Bus,Slight,50,Urban
201,2025-06-18,08:00:00,Kanpur,Clear,Slip Road,Daylight,4,Auto-Rickshaw,Serious,100,Urban
202,2025-01-03,12:00:00,Kanpur,Snow,Single Carriageway,Darkness - lights lit,2,Truck,Slight,100,Urban
203,2024-04-29,17:00:00,Noida,Cloudy,Slip Road,Darkness - lights lit,3,Bus,Slight,40,Rural
204,2024-02-11,14:00:00,Noida,Clear,Roundabout,Daylight,1,Bus,Slight,30,Rural
205,2023-08-19,03:00:00,Allahabad,Clear,Slip Road,Daylight,1,Motorcycle,Slight,40,Rural
206,2025-01-18,14:00:00,Lucknow,Rain,Roundabout,Daylight,3,Motorcycle,Slight,100,Urban
207,2024-10-16,21:00:00,Allahabad,Clear,Roundabout,Darkness - lights lit,4,Auto-Rickshaw,Serious,60,Rural
208,2023-06-20,01:00:00,Lucknow,Clear,One Way,Daylight,5,Truck,Slight,40,Urban
209,2024-06-24,14:00:00,Kanpur,Rain,Roundabout,Daylight,4,Bicycle,Slight,50,Urban
210,2023-02-05,07:00:00,Varanasi,Clear,Roundabout,Daylight,2,Motorcycle,Slight,80,Rural
211,2024-06-08,07:00:00,Noida,Cloudy,Dual Carriageway,Daylight,5,Bicycle,Slight,100,Rural
212,2023-06-09,16:00:00,Lucknow,Clear,Single Carriageway,Daylight,4,Car,Slight,100,Rural
213,2025-04-18,11:00:00,Allahabad,Clear,One Way,Darkness - lights lit,3,Motorcycle,Serious,50,Rural
214,2024-11-29,18:00:00,Kanpur,Clear,One Way,Daylight,2,Motorcycle,Serious,40,Urban
215,2023-08-31,09:00:00,Lucknow,Rain,One Way,Daylight,2,Truck,Slight,30,Urban
216,2023-03-27,08:00:00,Allahabad,Clear,Dual Carriageway,Daylight,2,Auto-Rickshaw,Slight,60,Rural
217,2025-03-06,04:00:00,Noida,Rain,Roundabout,Darkness - lights lit,5,Bicycle,Slight,80,Urban
218,2024-07-31,05:00:00,Noida,Clear,Single Carriageway,Darkness - no lights,1,Motorcycle,Slight,30,Urban
219,2024-11-12,19:00:00,Agra,Fog,Slip Road,Daylight,5,Motorcycle,Slight,30,Rural
220,2024-07-10,01:00:00,Varanasi,Clear,Roundabout,Darkness - lights lit,4,Truck,Slight,50,Rural
221,2024-07-27,23:00:00,Agra,Clear,Dual Carriageway,Daylight,1,Truck,Slight,40,Urban
222,2025-08-10,12:00:00,Kanpur,Rain,Roundabout,Daylight,4,Auto-Rickshaw,Slight,100,Rural
223,2024-10-07,05:00:00,Lucknow,Clear,Roundabout,Daylight,1,Bicycle,Slight,100,Rural
224,2025-03-06,04:00:00,Kanpur,Clear,Dual Carriageway,Daylight,5,Car,Fatal,50,Rural
225,2023-01-28,00:00:00,Allahabad,Fog,One Way,Daylight,2,Auto-Rickshaw,Slight,40,Urban
226,2024-09-11,20:00:00,Noida,Clear,One Way,Daylight,3,Car,Slight,50,Urban
227,2024-07-09,21:00:00,Agra,Rain,Single Carriageway,Daylight,2,Bus,Slight,100,Urban
228,2023-12-06,20:00:00,Agra,Clear,Single Carriageway,Darkness - lights lit,5,Motorcycle,Slight,30,Urban
229,2025-03-08,05:00:00,Agra,Rain,One Way,Daylight,1,Bicycle,Serious,60,Urban
230,2025-08-15,05:00:00,Kanpur,Clear,Slip Road,Daylight,2,Auto-Rickshaw,Slight,40,Urban
231,2023-11-27,22:00:00,Noida,Clear,Roundabout,Daylight,5,Motorcycle,Slight,80,Urban
232,2024-10-01,15:00:00,Lucknow,Cloudy,Slip Road,Darkness - lights lit,4,Bicycle,Slight,80,Rural
233,2024-05-20,03:00:00,Allahabad,Rain,Roundabout,Daylight,3,Bicycle,Serious,30,Urban
234,2023-12-14,10:00:00,Lucknow,Clear,One Way,Daylight,2,Bicycle,Slight,50,Rural
235,2024-04-17,23:00:00,Kanpur,Clear,Single Carriageway,Darkness - no lights,1,Motorcycle,Slight,50,Rural
236,2023-08-19,22:00:00,Allahabad,Fog,Single Carriageway,Daylight,4,Auto-Rickshaw,Slight,100,Urban
237,2023-07-09,08:00:00,Agra,Clear,Slip Road,Daylight,5,Truck,Slight,30,Rural
238,2023-08-13,22:00:00,Varanasi,Rain,Single Carriageway,Darkness - lights lit,3,Motorcycle,Slight,100,Urban
239,2024-01-20,02:00:00,Kanpur,Rain,One Way,Daylight,1,Bicycle,Slight,100,Urban
240,2024-01-12,18:00:00,Kanpur,Clear,Slip Road,Daylight,5,Auto-Rickshaw,Slight,80,Rural
241,2023-10-10,07:00:00,Noida,Clear,Roundabout,Daylight,5,Bus,Serious,100,Urban
242,2025-08-15,04:00:00,Lucknow,Rain,Single Carriageway,Daylight,2,Car,Slight,100,Rural
243,2024-09-24,03:00:00,Kanpur,Clear,Dual Carriageway,Daylight,2,Bicycle,Slight,80,Urban
244,2024-09-19,23:00:00,Kanpur,Clear,Single Carriageway,Daylight,1,Bus,Slight,50,Rural
245,2025-08-30,05:00:00,Agra,Snow,Roundabout,Daylight,5,Truck,Fatal,40,Urban
246,2025-01-14,01:00:00,Agra,Clear,Slip Road,Daylight,2,Bicycle,Slight,60,Rural
247,2023-09-16,19:00:00,Allahabad,Rain,Roundabout,Darkness - lights lit,3,Bus,Serious,100,Urban
248,2023-12-25,10:00:00,Varanasi,Clear,Dual Carriageway,Daylight,3,Bicycle,Slight,40,Rural
249,2024-12-10,03:00:00,Noida,Clear,One Way,Daylight,5,Motorcycle,Slight,80,Rural
250,2024-03-31,14:00:00,Varanasi,Clear,Single Carriageway,Darkness - lights lit,2,Auto-Rickshaw,Slight,40,Urban
251,2024-02-15,05:00:00,Allahabad,Clear,Slip Road,Daylight,1,Bus,Slight,60,Rural
252,2024-10-10,21:00:00,Agra,Clear,One Way,Daylight,1,Auto-Rickshaw,Serious,40,Urban
253,2023-11-14,16:00:00,Lucknow,Clear,Roundabout,Darkness - lights lit,1,Motorcycle,Fatal,40,Rural
254,2024-11-07,23:00:00,Agra,Rain,Slip Road,Daylight,3,Motorcycle,Slight,40,Urban
255,2023-08-13,05:00:00,Noida,Clear,One Way,Daylight,2,Auto-Rickshaw,Slight,40,Rural
256,2025-03-29,18:00:00,Agra,Clear,Slip Road,Darkness - lights lit,2,Bus,Serious,30,Rural
257,2023-08-22,01:00:00,Noida,Clear,Dual Carriageway,Daylight,3,Auto-Rickshaw,Slight,100,Urban
258,2024-11-14,14:00:00,Noida,Clear,Dual Carriageway,Daylight,1,Auto-Rickshaw,Slight,80,Urban
259,2024-10-25,10:00:00,Noida,Clear,Single Carriageway,Daylight,1,Car,Slight,60,Urban
260,2025-09-01,07:00:00,Allahabad,Clear,Single Carriageway,Daylight,5,Bus,Slight,80,Rural
261,2025-04-06,18:00:00,Noida,Clear,Dual Carriageway,Daylight,4,Car,Slight,30,Urban
262,2024-01-09,12:00:00,Noida,Clear,Slip Road,Darkness - lights lit,2,Bicycle,Slight,30,Urban
263,2024-11-02,11:00:00,Lucknow,Clear,Dual Carriageway,Daylight,2,Auto-Rickshaw,Slight,30,Rural
264,2024-08-30,04:00:00,Varanasi,Rain,Single Carriageway,Darkness - lights lit,2,Bicycle,Slight,100,Urban
265,2024-04-16,05:00:00,Kanpur,Clear,Dual Carriageway,Daylight,4,Bus,Slight,30,Rural
266,2023-08-21,21:00:00,Varanasi,Clear,Dual Carriageway,Darkness - lights lit,5,Auto-Rickshaw,Slight,40,Urban
267,2024-11-22,03:00:00,Noida,Rain,Slip Road,Darkness - lights lit,4,Bicycle,Serious,80,Urban
268,2023-04-23,18:00:00,Lucknow,Clear,One Way,Daylight,1,Truck,Slight,50,Rural
269,2025-04-09,19:00:00,Agra,Fog,Single Carriageway,Daylight,1,Motorcycle,Slight,60,Urban
270,2024-05-11,00:00:00,Lucknow,Clear,Slip Road,Daylight,2,Auto-Rickshaw,Serious,30,Urban
271,2024-03-17,19:00:00,Noida,Clear,Dual Carriageway,Daylight,3,Motorcycle,Serious,80,Rural
272,2024-07-17,16:00:00,Lucknow,Clear,Dual Carriageway,Darkness - lights lit,2,Car,Slight,30,Urban
273,2023-09-25,11:00:00,Lucknow,Clear,One Way,Darkness - lights lit,3,Bicycle,Slight,100,Rural
274,2024-05-24,14:00:00,Noida,Rain,Single Carriageway,Daylight,4,Car,Serious,30,Rural
275,2025-03-17,00:00:00,Allahabad,Clear,Single Carriageway,Daylight,1,Auto-Rickshaw,Serious,30,Urban
276,2024-01-21,13:00:00,Lucknow,Fog,Roundabout,Daylight,3,Motorcycle,Fatal,30,Urban
277,2024-01-22,05:00:00,Kanpur,Clear,Single Carriageway,Daylight,4,Motorcycle,Serious,30,Rural
278,2023-04-23,04:00:00,Kanpur,Clear,One Way,Daylight,1,Bicycle,Slight,60,Urban
279,2024-09-04,10:00:00,Lucknow,Clear,Roundabout,Darkness - lights lit,3,Auto-Rickshaw,Slight,80,Urban
280,2024-09-16,03:00:00,Allahabad,Clear,Roundabout,Darkness - no lights,2,Truck,Slight,100,Rural
281,2025-08-09,12:00:00,Agra,Clear,Dual Carriageway,Daylight,2,Truck,Slight,30,Urban
282,2023-03-22,10:00:00,Noida,Rain,Dual Carriageway,Daylight,2,Bicycle,Slight,30,Rural
283,2024-11-29,02:00:00,Kanpur,Fog,Single Carriageway,Daylight,4,Auto-Rickshaw,Slight,30,Urban
284,2023-04-23,00:00:00,Agra,Clear,Roundabout,Daylight,2,Bicycle,Slight,30,Urban
285,2023-01-02,05:00:00,Lucknow,Rain,Dual Carriageway,Daylight,5,Auto-Rickshaw,Serious,40,Urban
286,2024-10-03,17:00:00,Agra,Cloudy,One Way,Daylight,1,Car,Slight,40,Rural
287,2023-08-08,23:00:00,Varanasi,Fog,Dual Carriageway,Darkness - lights lit,4,Bicycle,Slight,50,Rural
288,2024-07-19,09:00:00,Kanpur,Clear,Dual Carriageway,Daylight,2,Auto-Rickshaw,Slight,30,Rural
289,2025-05-04,04:00:00,Lucknow,Rain,Roundabout,Daylight,1,Truck,Slight,50,Urban
290,2025-09-23,22:00:00,Noida,Clear,Roundabout,Darkness - lights lit,3,Auto-Rickshaw,Serious,60,Urban
291,2025-01-05,09:00:00,Allahabad,Cloudy,Slip Road,Darkness - lights lit,2,Auto-Rickshaw,Slight,50,Urban
292,2023-08-13,11:00:00,Lucknow,Clear,One Way,Daylight,1,Bicycle,Fatal,80,Urban
293,2024-01-20,01:00:00,Noida,Clear,Roundabout,Daylight,5,Car,Slight,40,Urban
294,2024-02-07,12:00:00,Allahabad,Rain,Single Carriageway,Daylight,3,Car,Slight,40,Rural
295,2024-09-29,07:00:00,Allahabad,Clear,One Way,Darkness - lights lit,5,Car,Slight,30,Urban
296,2023-05-10,01:00:00,Lucknow,Cloudy,One Way,Darkness - lights lit,1,Car,Slight,30,Rural
297,2023-02-22,19:00:00,Agra,Cloudy,Roundabout,Daylight,5,Bus,Serious,60,Urban
298,2024-11-14,00:00:00,Agra,Rain,One Way,Daylight,1,Bicycle,Slight,100,Rural
299,2024-12-30,04:00:00,Allahabad,Clear,Roundabout,Darkness - lights lit,1,Motorcycle,Serious,60,Urban
300,2024-11-02,08:00:00,Agra,Rain,Dual Carriageway,Daylight,5,Bicycle,Slight,80,Urban
301,2024-12-10,16:00:00,Varanasi,Clear,Slip Road,Daylight,1,Bus,Serious,30,Urban
302,2024-02-20,08:00:00,Allahabad,Clear,Dual Carriageway,Daylight,2,Car,Slight,30,Urban
303,2023-09-04,10:00:00,Allahabad,Fog,Roundabout,Daylight,1,Bus,Serious,60,Urban
304,2025-04-15,14:00:00,Noida,Clear,Roundabout,Daylight,4,Truck,Slight,60,Urban
305,2024-03-14,23:00:00,Agra,Clear,Dual Carriageway,Darkness - lights lit,1,Truck,Slight,60,Urban
306,2023-07-22,05:00:00,Allahabad,Cloudy,Single Carriageway,Darkness - lights lit,4,Bicycle,Slight,40,Rural
307,2023-07-03,22:00:00,Varanasi,Clear,Single Carriageway,Daylight,1,Bicycle,Serious,50,Rural
308,2023-05-03,02:00:00,Noida,Clear,Single Carriageway,Daylight,1,Motorcycle,Slight,50,Rural
309,2024-02-05,16:00:00,Lucknow,Snow,Roundabout,Daylight,5,Motorcycle,Slight,30,Urban
310,2025-02-05,04:00:00,Allahabad,Clear,One Way,Daylight,2,Truck,Serious,40,Rural
311,2023-10-21,11:00:00,Varanasi,Rain,Roundabout,Daylight,2,Car,Slight,60,Urban
312,2023-10-07,17:00:00,Kanpur,Cloudy,One Way,Darkness - lights lit,3,Bus,Slight,30,Urban
313,2025-04-16,13:00:00,Varanasi,Snow,Dual Carriageway,Daylight,5,Motorcycle,Slight,40,Urban
314,2025-06-02,20:00:00,Varanasi,Rain,Slip Road,Daylight,5,Auto-Rickshaw,Slight,80,Urban
315,2024-09-01,23:00:00,Noida,Clear,One Way,Daylight,2,Motorcycle,Serious,100,Urban
316,2023-07-17,10:00:00,Lucknow,Clear,Single Carriageway,Darkness - lights lit,5,Car,Serious,40,Urban
317,2025-09-08,08:00:00,Kanpur,Fog,Roundabout,Darkness - lights lit,2,Car,Slight,30,Urban
318,2025-06-25,01:00:00,Agra,Fog,Dual Carriageway,Darkness - lights lit,5,Bicycle,Fatal,50,Rural
319,2024-05-25,11:00:00,Agra,Clear,Single Carriageway,Darkness - lights lit,1,Bus,Slight,60,Rural
320,2025-01-21,02:00:00,Varanasi,Clear,Dual Carriageway,Daylight,2,Car,Slight,100,Rural
321,2023-05-24,02:00:00,Noida,Clear,Slip Road,Daylight,2,Motorcycle,Slight,80,Rural
322,2024-08-31,00:00:00,Noida,Clear,Roundabout,Daylight,4,Motorcycle,Slight,100,Urban
323,2023-07-20,07:00:00,Agra,Rain,Roundabout,Daylight,5,Truck,Slight,100,Rural
324,2023-05-04,21:00:00,Kanpur,Clear,Slip Road,Daylight,5,Car,Serious,40,Rural
325,2023-07-06,07:00:00,Lucknow,Snow,Roundabout,Daylight,2,Auto-Rickshaw,Serious,30,Urban
326,2023-11-22,10:00:00,Kanpur,Rain,One Way,Daylight,1,Bicycle,Slight,30,Urban
327,2024-04-08,08:00:00,Allahabad,Clear,Dual Carriageway,Daylight,1,Bus,Slight,100,Rural
328,2023-12-15,04:00:00,Allahabad,Rain,Single Carriageway,Daylight,1,Auto-Rickshaw,Serious,60,Urban
329,2025-02-09,13:00:00,Lucknow,Clear,Slip Road,Darkness - lights lit,5,Bicycle,Serious,30,Rural
330,2024-10-21,02:00:00,Agra,Clear,One Way,Daylight,4,Motorcycle,Serious,100,Urban
331,2025-02-02,20:00:00,Lucknow,Rain,Single Carriageway,Daylight,2,Auto-Rickshaw,Slight,30,Urban
332,2025-08-12,04:00:00,Noida,Fog,Single Carriageway,Daylight,3,Bicycle,Serious,60,Urban
333,2025-07-20,04:00:00,Allahabad,Fog,Slip Road,Daylight,4,Motorcycle,Slight,80,Urban
334,2024-02-07,18:00:00,Varanasi,Clear,One Way,Daylight,3,Motorcycle,Slight,100,Rural
335,2023-12-12,13:00:00,Varanasi,Clear,Single Carriageway,Daylight,4,Motorcycle,Slight,50,Rural
336,2025-08-20,03:00:00,Agra,Rain,Single Carriageway,Daylight,1,Motorcycle,Slight,50,Urban
337,2024-05-25,12:00:00,Noida,Clear,One Way,Daylight,5,Motorcycle,Slight,100,Urban
338,2023-05-27,09:00:00,Kanpur,Clear,Roundabout,Daylight,3,Truck,Slight,40,Rural
339,2023-05-28,17:00:00,Noida,Clear,Single Carriageway,Daylight,4,Auto-Rickshaw,Slight,80,Rural
340,2025-05-13,07:00:00,Varanasi,Rain,Dual Carriageway,Daylight,5,Bicycle,Serious,40,Urban
341,2024-12-11,07:00:00,Varanasi,Clear,One Way,Daylight,3,Truck,Slight,50,Urban
342,2025-03-30,06:00:00,Allahabad,Rain,Single Carriageway,Daylight,2,Truck,Slight,60,Rural
343,2024-05-03,07:00:00,Noida,Cloudy,Slip Road,Daylight,4,Car,Slight,100,Rural
344,2025-07-17,13:00:00,Noida,Clear,Dual Carriageway,Daylight,2,Car,Fatal,30,Urban
345,2025-07-24,18:00:00,Varanasi,Clear,Single Carriageway,Daylight,1,Car,Slight,50,Urban
346,2024-10-01,05:00:00,Kanpur,Clear,Dual Carriageway,Daylight,2,Bus,Slight,80,Rural
347,2024-07-04,00:00:00,Agra,Fog,Dual Carriageway,Daylight,2,Car,Slight,50,Rural
348,2023-12-04,22:00:00,Agra,Clear,Roundabout,Darkness - lights lit,4,Bicycle,Serious,80,Urban
349,2025-05-21,14:00:00,Noida,Clear,Dual Carriageway,Darkness - lights lit,1,Truck,Fatal,80,Urban
350,2024-10-02,00:00:00,Agra,Clear,Roundabout,Darkness - lights lit,2,Bicycle,Slight,100,Rural
351,2025-02-17,16:00:00,Varanasi,Rain,One Way,Daylight,5,Auto-Rickshaw,Slight,80,Urban
352,2025-09-14,00:00:00,Varanasi,Clear,Roundabout,Daylight,3,Car,Serious,40,Urban
353,2025-08-10,14:00:00,Noida,Rain,Slip Road,Daylight,2,Bus,Slight,60,Urban
354,2024-04-17,22:00:00,Noida,Snow,Single Carriageway,Daylight,1,Auto-Rickshaw,Slight,50,Urban
355,2025-08-03,01:00:00,Allahabad,Clear,One Way,Daylight,2,Bus,Slight,60,Rural
356,2023-05-31,13:00:00,Noida,Fog,One Way,Daylight,3,Auto-Rickshaw,Slight,30,Urban
357,2024-02-19,20:00:00,Kanpur,Clear,Slip Road,Darkness - lights lit,1,Truck,Slight,50,Rural
358,2025-09-16,07:00:00,Agra,Fog,Roundabout,Daylight,4,Bicycle,Slight,60,Urban
359,2023-10-25,07:00:00,Noida,Rain,Single Carriageway,Darkness - lights lit,1,Motorcycle,Slight,60,Urban
360,2024-09-02,18:00:00,Lucknow,Fog,Roundabout,Daylight,4,Bicycle,Serious,100,Urban
361,2023-09-20,06:00:00,Allahabad,Clear,Dual Carriageway,Daylight,1,Car,Slight,100,Rural
362,2025-02-02,18:00:00,Lucknow,Clear,Roundabout,Daylight,3,Motorcycle,Serious,30,Rural
363,2023-05-24,05:00:00,Varanasi,Clear,One Way,Daylight,3,Bus,Slight,80,Urban
364,2023-12-12,05:00:00,Agra,Clear,Single Carriageway,Darkness - lights lit,1,Truck,Slight,50,Rural
365,2024-09-15,02:00:00,Noida,Clear,Roundabout,Daylight,2,Truck,Slight,100,Rural
366,2024-07-25,06:00:00,Lucknow,Clear,Single Carriageway,Daylight,3,Bus,Serious,50,Rural
367,2025-05-30,18:00:00,Agra,Clear,Single Carriageway,Darkness - lights lit,4,Car,Serious,30,Urban
368,2023-01-02,07:00:00,Varanasi,Clear,Dual Carriageway,Daylight,4,Bus,Slight,100,Rural
369,2025-06-15,09:00:00,Kanpur,Fog,Dual Carriageway,Darkness - no lights,5,Auto-Rickshaw,Serious,100,Urban
370,2023-10-31,19:00:00,Allahabad,Clear,One Way,Daylight,4,Car,Slight,80,Urban
371,2023-09-11,14:00:00,Agra,Clear,Slip Road,Daylight,5,Motorcycle,Fatal,50,Rural
372,2024-10-13,14:00:00,Agra,Clear,Single Carriageway,Daylight,1,Bus,Serious,50,Urban
373,2024-03-28,00:00:00,Kanpur,Clear,Slip Road,Daylight,1,Car,Serious,50,Urban
374,2023-02-06,19:00:00,Agra,Cloudy,One Way,Daylight,1,Motorcycle,Slight,80,Urban
375,2023-06-09,06:00:00,Varanasi,Clear,Single Carriageway,Daylight,2,Bus,Slight,100,Rural
376,2023-01-09,03:00:00,Varanasi,Rain,Single Carriageway,Darkness - lights lit,2,Truck,Slight,30,Rural
377,2023-08-21,05:00:00,Kanpur,Cloudy,Slip Road,Darkness - lights lit,5,Bus,Slight,50,Urban
378,2023-04-09,00:00:00,Allahabad,Fog,Roundabout,Daylight,4,Bicycle,Slight,60,Rural
379,2024-10-20,04:00:00,Noida,Rain,Dual Carriageway,Daylight,4,Bus,Slight,80,Urban
380,2025-03-26,22:00:00,Lucknow,Fog,Roundabout,Daylight,1,Bicycle,Slight,40,Urban
381,2023-07-27,00:00:00,Noida,Cloudy,Slip Road,Daylight,3,Motorcycle,Slight,30,Rural
382,2023-05-11,03:00:00,Agra,Rain,Dual Carriageway,Daylight,2,Bus,Slight,60,Urban
383,2024-02-08,21:00:00,Lucknow,Clear,Roundabout,Daylight,2,Motorcycle,Slight,50,Urban
384,2023-06-01,01:00:00,Kanpur,Rain,Dual Carriageway,Daylight,1,Motorcycle,Fatal,40,Urban
385,2023-02-23,09:00:00,Kanpur,Clear,Single Carriageway,Daylight,2,Car,Slight,30,Rural
386,2023-04-30,04:00:00,Allahabad,Rain,Roundabout,Darkness - no lights,1,Motorcycle,Slight,80,Urban
387,2024-11-03,09:00:00,Lucknow,Clear,Dual Carriageway,Daylight,5,Motorcycle,Serious,40,Rural
388,2025-07-08,00:00:00,Varanasi,Clear,Dual Carriageway,Daylight,4,Bus,Slight,100,Rural
389,2024-09-19,21:00:00,Lucknow,Clear,Dual Carriageway,Daylight,3,Bus,Slight,40,Urban
390,2024-08-09,05:00:00,Agra,Clear,Roundabout,Daylight,4,Truck,Slight,60,Rural
391,2024-09-16,12:00:00,Varanasi,Clear,One Way,Daylight,4,Car,Slight,30,Urban
392,2025-08-25,14:00:00,Kanpur,Clear,Roundabout,Daylight,5,Motorcycle,Fatal,60,Urban
393,2024-02-24,03:00:00,Lucknow,Clear,Slip Road,Darkness - lights lit,2,Car,Slight,60,Rural
394,2024-02-26,12:00:00,Noida,Clear,Roundabout,Daylight,3,Bicycle,Slight,50,Rural
395,2023-04-14,23:00:00,Allahabad,Fog,Dual Carriageway,Daylight,2,Motorcycle,Slight,80,Urban
396,2025-05-01,19:00:00,Noida,Clear,Single Carriageway,Darkness - no lights,4,Car,Slight,40,Urban
397,2023-09-11,23:00:00,Allahabad,Clear,Roundabout,Darkness - lights lit,1,Truck,Serious,30,Urban
398,2023-08-15,14:00:00,Agra,Rain,Roundabout,Daylight,4,Truck,Slight,100,Urban
399,2023-04-22,07:00:00,Noida,Clear,Dual Carriageway,Daylight,2,Motorcycle,Slight,80,Urban
400,2024-05-24,04:00:00,Lucknow,Clear,Single Carriageway,Daylight,4,Bicycle,Slight,80,Urban
401,2024-04-17,14:00:00,Lucknow,Fog,Single Carriageway,Daylight,1,Truck,Slight,30,Rural
402,2023-04-09,03:00:00,Noida,Fog,Slip Road,Daylight,5,Truck,Slight,80,Urban
403,2023-06-02,11:00:00,Lucknow,Clear,Roundabout,Daylight,2,Bicycle,Serious,50,Urban
404,2025-05-10,12:00:00,Agra,Clear,Single Carriageway,Daylight,4,Car,Serious,80,Rural
405,2025-07-02,01:00:00,Varanasi,Cloudy,Single Carriageway,Daylight,2,Truck,Serious,50,Rural
406,2025-06-14,18:00:00,Agra,Rain,One Way,Daylight,5,Bus,Serious,40,Urban
407,2025-05-27,18:00:00,Allahabad,Clear,One Way,Daylight,4,Auto-Rickshaw,Slight,40,Urban
408,2023-12-04,03:00:00,Agra,Fog,Single Carriageway,Daylight,4,Auto-Rickshaw,Slight,60,Rural
409,2024-12-06,03:00:00,Allahabad,Clear,Slip Road,Daylight,2,Truck,Serious,50,Urban
410,2025-04-01,10:00:00,Lucknow,Clear,Single Carriageway,Daylight,2,Car,Serious,100,Urban
411,2023-06-12,04:00:00,Varanasi,Clear,Dual Carriageway,Daylight,1,Car,Serious,40,Rural
412,2024-12-20,19:00:00,Lucknow,Rain,Roundabout,Daylight,5,Motorcycle,Slight,80,Urban
413,2025-08-14,10:00:00,Kanpur,Clear,Slip Road,Daylight,1,Bus,Slight,30,Urban
414,2024-11-11,09:00:00,Lucknow,Rain,Dual Carriageway,Daylight,4,Car,Serious,30,Urban
415,2025-09-22,07:00:00,Allahabad,Clear,Slip Road,Daylight,2,Bicycle,Serious,50,Urban
416,2023-06-10,05:00:00,Lucknow,Clear,Dual Carriageway,Darkness - lights lit,4,Bus,Fatal,100,Urban
417,2024-08-02,05:00:00,Lucknow,Clear,Roundabout,Darkness - lights lit,4,Auto-Rickshaw,Slight,60,Rural
418,2025-03-11,07:00:00,Varanasi,Rain,Roundabout,Daylight,3,Bus,Slight,80,Urban
419,2024-02-02,22:00:00,Lucknow,Clear,One Way,Daylight,3,Bicycle,Slight,50,Urban
420,2023-10-04,14:00:00,Varanasi,Clear,Dual Carriageway,Daylight,4,Truck,Serious,30,Urban
421,2025-03-26,13:00:00,Noida,Fog,One Way,Daylight,2,Bicycle,Slight,50,Rural
422,2025-07-04,10:00:00,Kanpur,Clear,Dual Carriageway,Daylight,4,Bicycle,Slight,80,Urban
423,2024-05-18,11:00:00,Varanasi,Cloudy,One Way,Darkness - no lights,3,Truck,Fatal,100,Urban
424,2025-06-14,12:00:00,Allahabad,Clear,Roundabout,Daylight,2,Truck,Slight,100,Rural
425,2024-01-27,07:00:00,Noida,Rain,Slip Road,Daylight,4,Truck,Serious,40,Urban
426,2023-05-15,17:00:00,Varanasi,Clear,One Way,Darkness - lights lit,5,Truck,Slight,80,Urban
427,2023-07-14,00:00:00,Varanasi,Snow,Dual Carriageway,Darkness - lights lit,5,Truck,Serious,40,Urban
428,2024-02-05,14:00:00,Kanpur,Clear,Dual Carriageway,Darkness - lights lit,4,Bicycle,Slight,40,Urban
429,2024-10-01,07:00:00,Allahabad,Clear,Roundabout,Daylight,2,Motorcycle,Serious,40,Urban
430,2023-02-02,10:00:00,Agra,Clear,Dual Carriageway,Daylight,4,Motorcycle,Serious,50,Rural
431,2024-11-18,11:00:00,Agra,Clear,Single Carriageway,Daylight,4,Car,Slight,30,Urban
432,2024-04-04,11:00:00,Varanasi,Clear,Slip Road,Daylight,3,Motorcycle,Slight,100,Urban
433,2025-08-12,03:00:00,Lucknow,Snow,One Way,Daylight,5,Auto-Rickshaw,Slight,50,Urban
434,2025-06-01,15:00:00,Allahabad,Clear,Slip Road,Daylight,3,Motorcycle,Slight,30,Urban
435,2024-04-14,03:00:00,Noida,Rain,Roundabout,Darkness - lights lit,3,Bicycle,Serious,100,Urban
436,2024-01-10,04:00:00,Lucknow,Rain,One Way,Daylight,4,Truck,Slight,80,Rural
437,2023-01-22,23:00:00,Lucknow,Rain,One Way,Daylight,3,Truck,Slight,100,Urban
438,2025-01-19,04:00:00,Allahabad,Clear,Single Carriageway,Daylight,5,Bicycle,Slight,100,Rural
439,2024-10-31,07:00:00,Varanasi,Clear,Roundabout,Daylight,3,Auto-Rickshaw,Serious,100,Urban
440,2023-02-07,09:00:00,Varanasi,Rain,Dual Carriageway,Daylight,5,Motorcycle,Fatal,60,Urban
441,2023-08-18,16:00:00,Varanasi,Cloudy,Single Carriageway,Daylight,3,Bicycle,Slight,80,Urban
442,2023-12-31,08:00:00,Varanasi,Clear,Single Carriageway,Daylight,5,Car,Slight,50,Urban
443,2024-07-16,21:00:00,Agra,Clear,Slip Road,Darkness - lights lit,3,Truck,Slight,50,Urban
444,2024-03-13,18:00:00,Varanasi,Clear,Slip Road,Daylight,3,Bus,Slight,30,Urban
445,2025-02-14,13:00:00,Agra,Cloudy,Slip Road,Darkness - no lights,2,Car,Slight,50,Rural
446,2023-10-10,07:00:00,Agra,Clear,Single Carriageway,Daylight,5,Auto-Rickshaw,Slight,40,Urban
447,2023-01-27,08:00:00,Varanasi,Clear,Dual Carriageway,Daylight,5,Car,Slight,100,Urban
448,2023-08-14,21:00:00,Kanpur,Fog,One Way,Daylight,5,Bicycle,Slight,50,Urban
449,2023-10-04,10:00:00,Noida,Clear,Slip Road,Daylight,1,Motorcycle,Slight,30,Urban
450,2025-03-08,22:00:00,Lucknow,Clear,Dual Carriageway,Daylight,3,Truck,Slight,30,Urban
451,2024-08-31,00:00:00,Agra,Rain,Roundabout,Daylight,5,Auto-Rickshaw,Slight,40,Urban
452,2023-10-11,13:00:00,Allahabad,Snow,Slip Road,Darkness - lights lit,1,Auto-Rickshaw,Serious,30,Urban
453,2025-05-28,04:00:00,Allahabad,Clear,One Way,Darkness - lights lit,2,Bus,Serious,60,Rural
454,2025-08-17,20:00:00,Noida,Clear,Roundabout,Daylight,5,Car,Slight,100,Rural
455,2024-04-25,13:00:00,Allahabad,Clear,Roundabout,Darkness - lights lit,5,Bus,Slight,100,Urban
456,2024-03-28,03:00:00,Kanpur,Clear,One Way,Daylight,1,Motorcycle,Serious,100,Urban
457,2025-04-08,21:00:00,Allahabad,Rain,Slip Road,Darkness - lights lit,3,Motorcycle,Fatal,80,Rural
458,2025-03-26,22:00:00,Lucknow,Clear,Single Carriageway,Daylight,2,Bus,Slight,50,Urban
459,2024-10-20,00:00:00,Lucknow,Clear,One Way,Daylight,5,Truck,Slight,60,Urban
460,2024-05-30,21:00:00,Agra,Clear,One Way,Darkness - lights lit,3,Motorcycle,Slight,50,Urban
461,2024-06-30,22:00:00,Varanasi,Clear,One Way,Daylight,2,Bus,Slight,60,Urban
462,2023-07-11,18:00:00,Kanpur,Clear,Roundabout,Darkness - lights lit,4,Car,Slight,50,Urban
463,2023-02-18,07:00:00,Agra,Fog,Dual Carriageway,Daylight,4,Bus,Slight,40,Urban
464,2024-05-26,14:00:00,Kanpur,Clear,Single Carriageway,Daylight,2,Bus,Slight,30,Urban
465,2023-01-17,20:00:00,Varanasi,Fog,Slip Road,Daylight,1,Bicycle,Slight,30,Urban
466,2023-06-21,14:00:00,Allahabad,Fog,Slip Road,Daylight,2,Motorcycle,Slight,40,Rural
467,2023-08-08,08:00:00,Allahabad,Clear,Dual Carriageway,Daylight,2,Truck,Slight,60,Urban
468,2023-06-07,20:00:00,Varanasi,Clear,One Way,Darkness - lights lit,1,Truck,Slight,80,Urban
469,2024-04-21,08:00:00,Agra,Clear,Single Carriageway,Daylight,1,Bicycle,Slight,60,Urban
470,2023-02-15,09:00:00,Varanasi,Clear,Slip Road,Darkness - lights lit,3,Auto-Rickshaw,Slight,30,Rural
471,2024-01-08,19:00:00,Noida,Clear,Slip Road,Darkness - lights lit,3,Truck,Serious,80,Rural
472,2024-06-01,20:00:00,Lucknow,Clear,One Way,Daylight,1,Bus,Slight,50,Rural
473,2023-04-09,08:00:00,Agra,Clear,Dual Carriageway,Darkness - lights lit,4,Bicycle,Serious,80,Urban
474,2025-06-10,02:00:00,Kanpur,Fog,Single Carriageway,Darkness - no lights,4,Car,Serious,60,Rural
475,2025-01-14,19:00:00,Noida,Clear,Dual Carriageway,Darkness - lights lit,2,Motorcycle,Slight,40,Rural
476,2023-02-06,10:00:00,Agra,Fog,Dual Carriageway,Darkness - lights lit,5,Motorcycle,Slight,50,Urban
477,2023-10-07,05:00:00,Varanasi,Clear,Single Carriageway,Darkness - no lights,2,Motorcycle,Slight,60,Urban
478,2023-12-15,01:00:00,Varanasi,Fog,Single Carriageway,Daylight,2,Bus,Serious,50,Urban
479,2024-05-11,06:00:00,Varanasi,Clear,Slip Road,Daylight,5,Car,Serious,80,Rural
480,2023-10-29,17:00:00,Varanasi,Clear,Slip Road,Darkness - lights lit,1,Bicycle,Serious,30,Urban
481,2023-06-30,01:00:00,Kanpur,Rain,Single Carriageway,Daylight,4,Bicycle,Slight,60,Urban
482,2024-08-29,16:00:00,Noida,Clear,Roundabout,Daylight,2,Motorcycle,Slight,40,Rural
483,2023-04-09,10:00:00,Allahabad,Clear,Slip Road,Daylight,5,Car,Slight,80,Rural
484,2024-11-30,11:00:00,Lucknow,Snow,Roundabout,Darkness - lights lit,3,Car,Slight,60,Rural
485,2025-09-19,18:00:00,Kanpur,Clear,Single Carriageway,Daylight,2,Car,Slight,40,Rural
486,2023-04-26,21:00:00,Kanpur,Clear,Slip Road,Darkness - lights lit,4,Truck,Slight,60,Urban
487,2023-07-10,23:00:00,Allahabad,Rain,Dual Carriageway,Daylight,1,Truck,Serious,80,Rural
488,2023-09-10,06:00:00,Allahabad,Fog,Single Carriageway,Daylight,2,Motorcycle,Slight,60,Urban
489,2025-09-07,19:00:00,Lucknow,Rain,One Way,Daylight,2,Car,Slight,50,Rural
490,2025-07-16,05:00:00,Lucknow,Clear,Roundabout,Daylight,5,Auto-Rickshaw,Slight,80,Urban
491,2025-09-09,20:00:00,Allahabad,Rain,Single Carriageway,Daylight,3,Car,Serious,60,Rural
492,2023-06-10,23:00:00,Varanasi,Clear,Single Carriageway,Darkness - lights lit,3,Bicycle,Serious,30,Rural
493,2023-09-13,00:00:00,Kanpur,Rain,Slip Road,Darkness - lights lit,1,Bicycle,Slight,60,Rural
494,2023-11-19,16:00:00,Agra,Cloudy,Slip Road,Daylight,4,Motorcycle,Slight,50,Urban
495,2023-05-08,10:00:00,Lucknow,Rain,Slip Road,Daylight,1,Auto-Rickshaw,Slight,40,Urban
496,2023-01-18,21:00:00,Lucknow,Fog,One Way,Darkness - lights lit,2,Car,Serious,40,Rural
497,2025-03-03,17:00:00,Allahabad,Clear,Slip Road,Darkness - lights lit,2,Auto-Rickshaw,Slight,40,Urban
498,2025-01-04,20:00:00,Noida,Rain,Single Carriageway,Daylight,3,Motorcycle,Slight,30,Rural
499,2024-07-19,16:00:00,Agra,Fog,Slip Road,Daylight,4,Bicycle,Slight,50,Urban
500,2024-07-23,06:00:00,Agra,Clear,Dual Carriageway,Daylight,5,Bicycle,Slight,80,Rural
501,2023-11-19,16:00:00,Lucknow,Fog,Slip Road,Darkness - lights lit,4,Truck,Serious,40,Urban
502,2025-05-21,19:00:00,Varanasi,Clear,One Way,Daylight,2,Motorcycle,Slight,50,Rural
503,2024-11-16,08:00:00,Noida,Rain,Dual Carriageway,Daylight,5,Motorcycle,Slight,60,Rural
504,2025-03-02,16:00:00,Agra,Fog,Single Carriageway,Daylight,4,Car,Slight,30,Urban
505,2024-09-17,19:00:00,Lucknow,Rain,Single Carriageway,Darkness - lights lit,4,Car,Slight,50,Urban
506,2023-10-15,21:00:00,Agra,Clear,Roundabout,Daylight,5,Truck,Serious,50,Urban
507,2025-07-31,21:00:00,Noida,Clear,Dual Carriageway,Daylight,2,Bus,Slight,80,Urban
508,2025-05-03,07:00:00,Noida,Clear,Roundabout,Daylight,4,Auto-Rickshaw,Serious,50,Urban
509,2024-10-24,16:00:00,Kanpur,Snow,Dual Carriageway,Daylight,5,Bus,Serious,80,Rural
510,2025-08-19,06:00:00,Allahabad,Clear,Dual Carriageway,Daylight,2,Bus,Slight,30,Urban
511,2024-09-30,00:00:00,Allahabad,Clear,One Way,Darkness - lights lit,5,Motorcycle,Slight,30,Urban
512,2023-06-04,12:00:00,Lucknow,Rain,Roundabout,Darkness - lights lit,5,Auto-Rickshaw,Slight,60,Urban
513,2024-05-04,22:00:00,Noida,Clear,One Way,Darkness - lights lit,4,Motorcycle,Serious,80,Urban
514,2024-01-21,18:00:00,Kanpur,Rain,Dual Carriageway,Darkness - lights lit,2,Auto-Rickshaw,Slight,80,Urban
515,2025-09-12,23:00:00,Kanpur,Rain,Single Carriageway,Daylight,4,Bicycle,Slight,40,Rural
516,2025-02-23,18:00:00,Agra,Fog,Dual Carriageway,Darkness - lights lit,1,Motorcycle,Slight,40,Rural
517,2023-04-14,16:00:00,Agra,Clear,One Way,Daylight,1,Motorcycle,Serious,60,Urban
518,2025-07-17,12:00:00,Kanpur,Clear,Roundabout,Daylight,2,Motorcycle,Slight,30,Urban
519,2024-01-28,15:00:00,Agra,Clear,Roundabout,Darkness - no lights,5,Truck,Slight,100,Rural
520,2025-03-21,07:00:00,Noida,Clear,One Way,Daylight,4,Motorcycle,Slight,40,Urban
521,2023-09-03,18:00:00,Varanasi,Clear,Roundabout,Daylight,4,Car,Slight,50,Urban
522,2023-06-25,17:00:00,Noida,Clear,Slip Road,Daylight,2,Car,Serious,30,Urban
523,2023-02-08,00:00:00,Kanpur,Rain,Single Carriageway,Daylight,2,Auto-Rickshaw,Slight,100,Urban
524,2024-04-21,13:00:00,Kanpur,Rain,Single Carriageway,Daylight,1,Bicycle,Serious,50,Rural
525,2024-11-12,18:00:00,Noida,Clear,Single Carriageway,Darkness - lights lit,3,Truck,Slight,80,Rural
526,2025-01-28,14:00:00,Agra,Fog,Roundabout,Darkness - no lights,2,Auto-Rickshaw,Slight,30,Urban
527,2024-06-21,17:00:00,Agra,Cloudy,Roundabout,Daylight,3,Car,Slight,60,Urban
528,2025-05-16,01:00:00,Allahabad,Fog,Dual Carriageway,Daylight,2,Truck,Slight,80,Rural
529,2025-03-28,21:00:00,Kanpur,Rain,Dual Carriageway,Daylight,5,Truck,Slight,80,Rural
530,2025-07-09,16:00:00,Lucknow,Clear,Single Carriageway,Darkness - lights lit,5,Bicycle,Slight,50,Rural
531,2024-02-12,17:00:00,Allahabad,Clear,Slip Road,Daylight,1,Truck,Slight,80,Rural
532,2024-06-08,05:00:00,Agra,Clear,Dual Carriageway,Daylight,1,Motorcycle,Slight,40,Urban
533,2025-04-07,18:00:00,Noida,Clear,Dual Carriageway,Daylight,3,Truck,Slight,30,Rural
534,2024-05-20,03:00:00,Agra,Snow,Roundabout,Daylight,2,Bicycle,Serious,40,Rural
535,2025-06-21,00:00:00,Noida,Fog,Slip Road,Daylight,4,Auto-Rickshaw,Slight,50,Urban
536,2025-04-04,07:00:00,Allahabad,Clear,Single Carriageway,Darkness - lights lit,1,Bicycle,Slight,100,Rural
537,2023-02-05,22:00:00,Kanpur,Clear,Dual Carriageway,Daylight,4,Bicycle,Slight,50,Urban
538,2024-11-15,06:00:00,Agra,Fog,Slip Road,Daylight,4,Car,Serious,30,Urban
539,2023-01-20,02:00:00,Noida,Clear,Slip Road,Daylight,2,Motorcycle,Serious,80,Urban
540,2023-11-17,09:00:00,Kanpur,Clear,Single Carriageway,Darkness - lights lit,3,Car,Slight,60,Urban
541,2025-02-14,09:00:00,Lucknow,Fog,Slip Road,Daylight,2,Auto-Rickshaw,Serious,50,Urban
542,2024-05-26,18:00:00,Noida,Clear,Slip Road,Daylight,1,Bus,Slight,30,Urban
543,2024-02-04,13:00:00,Allahabad,Clear,Slip Road,Daylight,4,Auto-Rickshaw,Slight,60,Urban
544,2024-10-15,01:00:00,Lucknow,Clear,Dual Carriageway,Daylight,2,Motorcycle,Serious,80,Urban
545,2025-08-29,00:00:00,Lucknow,Fog,Single Carriageway,Darkness - lights lit,2,Truck,Serious,100,Urban
546,2025-06-01,22:00:00,Varanasi,Clear,Slip Road,Daylight,2,Bicycle,Slight,50,Urban
547,2024-04-15,22:00:00,Agra,Clear,Slip Road,Darkness - no lights,1,Bus,Serious,100,Rural
548,2023-05-23,17:00:00,Noida,Clear,Dual Carriageway,Daylight,3,Motorcycle,Slight,30,Urban
549,2023-04-02,06:00:00,Lucknow,Clear,Single Carriageway,Darkness - lights lit,2,Car,Serious,100,Urban
550,2023-12-20,07:00:00,Varanasi,Clear,Roundabout,Daylight,1,Bicycle,Slight,100,Rural
551,2025-04-13,00:00:00,Allahabad,Rain,Dual Carriageway,Darkness - lights lit,4,Auto-Rickshaw,Slight,30,Rural
552,2025-03-10,22:00:00,Kanpur,Clear,Single Carriageway,Daylight,5,Car,Slight,30,Rural
553,2024-12-27,02:00:00,Noida,Fog,Slip Road,Daylight,1,Motorcycle,Slight,50,Urban
554,2025-08-16,23:00:00,Lucknow,Clear,Single Carriageway,Darkness - lights lit,5,Motorcycle,Slight,100,Urban
555,2025-05-03,22:00:00,Agra,Clear,Single Carriageway,Daylight,2,Auto-Rickshaw,Slight,60,Rural
556,2023-02-20,07:00:00,Varanasi,Clear,Single Carriageway,Daylight,2,Bus,Slight,30,Urban
557,2024-10-26,21:00:00,Lucknow,Clear,Roundabout,Daylight,1,Auto-Rickshaw,Slight,80,Urban
558,2024-11-28,14:00:00,Agra,Clear,Single Carriageway,Daylight,5,Truck,Slight,100,Urban
559,2024-07-28,04:00:00,Lucknow,Clear,Roundabout,Daylight,2,Car,Slight,30,Rural
560,2023-07-09,02:00:00,Noida,Clear,Slip Road,Daylight,4,Bus,Slight,60,Urban
561,2023-05-05,18:00:00,Noida,Rain,Roundabout,Daylight,3,Bicycle,Serious,50,Rural
562,2023-05-30,00:00:00,Noida,Clear,Slip Road,Darkness - lights lit,3,Truck,Serious,100,Rural
563,2023-11-10,14:00:00,Allahabad,Rain,Slip Road,Daylight,2,Bus,Serious,30,Urban
564,2024-07-23,07:00:00,Allahabad,Snow,Roundabout,Darkness - lights lit,5,Car,Slight,30,Rural
565,2023-12-08,01:00:00,Varanasi,Clear,Dual Carriageway,Darkness - no lights,2,Motorcycle,Serious,80,Rural
566,2023-11-01,02:00:00,Noida,Clear,One Way,Daylight,5,Bicycle,Slight,80,Rural
567,2024-11-22,23:00:00,Agra,Clear,Single Carriageway,Daylight,4,Auto-Rickshaw,Slight,100,Urban
568,2024-11-12,13:00:00,Lucknow,Clear,One Way,Daylight,5,Car,Slight,30,Rural
569,2025-04-17,23:00:00,Kanpur,Clear,Single Carriageway,Daylight,2,Truck,Serious,100,Urban
570,2025-02-21,13:00:00,Agra,Rain,Single Carriageway,Darkness - lights lit,4,Truck,Slight,30,Rural
571,2023-02-23,10:00:00,Allahabad,Clear,Slip Road,Daylight,1,Motorcycle,Slight,80,Urban
572,2024-03-19,15:00:00,Allahabad,Clear,Single Carriageway,Daylight,3,Motorcycle,Slight,60,Urban
573,2024-09-04,03:00:00,Agra,Fog,Single Carriageway,Daylight,2,Bicycle,Serious,40,Rural
574,2025-09-19,19:00:00,Allahabad,Clear,Roundabout,Daylight,2,Auto-Rickshaw,Slight,40,Rural
575,2023-09-21,04:00:00,Noida,Fog,One Way,Daylight,2,Bicycle,Slight,30,Urban
576,2023-02-22,21:00:00,Varanasi,Clear,Roundabout,Daylight,4,Motorcycle,Slight,80,Urban
577,2024-07-25,20:00:00,Lucknow,Clear,Single Carriageway,Darkness - no lights,1,Motorcycle,Slight,50,Urban
578,2024-09-11,13:00:00,Varanasi,Clear,Slip Road,Daylight,5,Truck,Slight,50,Rural
579,2023-01-05,22:00:00,Lucknow,Clear,Roundabout,Daylight,1,Motorcycle,Slight,40,Rural
580,2023-04-13,15:00:00,Lucknow,Cloudy,Roundabout,Darkness - lights lit,4,Bus,Serious,60,Rural
581,2023-07-15,17:00:00,Varanasi,Clear,Dual Carriageway,Daylight,2,Car,Slight,40,Urban
582,2025-02-12,06:00:00,Agra,Cloudy,Single Carriageway,Darkness - lights lit,3,Motorcycle,Slight,30,Urban
583,2025-05-26,09:00:00,Lucknow,Clear,Slip Road,Darkness - no lights,2,Bicycle,Slight,60,Rural
584,2025-09-18,06:00:00,Varanasi,Clear,Roundabout,Darkness - lights lit,5,Auto-Rickshaw,Slight,50,Rural
585,2025-06-02,00:00:00,Lucknow,Clear,Roundabout,Darkness - lights lit,3,Auto-Rickshaw,Slight,80,Urban
586,2023-12-16,22:00:00,Kanpur,Clear,Slip Road,Daylight,2,Auto-Rickshaw,Slight,80,Rural
587,2023-02-16,20:00:00,Agra,Snow,Single Carriageway,Darkness - lights lit,3,Bus,Slight,30,Urban
588,2025-05-16,18:00:00,Noida,Clear,Dual Carriageway,Daylight,1,Bicycle,Serious,40,Urban
589,2025-04-02,15:00:00,Lucknow,Clear,Roundabout,Darkness - lights lit,4,Bus,Slight,30,Urban
590,2025-07-24,18:00:00,Kanpur,Clear,Dual Carriageway,Darkness - lights lit,2,Motorcycle,Slight,80,Urban
591,2025-03-30,03:00:00,Noida,Clear,One Way,Darkness - no lights,5,Car,Serious,50,Urban
592,2024-10-17,17:00:00,Noida,Clear,Single Carriageway,Darkness - lights lit,1,Auto-Rickshaw,Slight,80,Urban
593,2023-09-26,01:00:00,Lucknow,Clear,One Way,Daylight,2,Bicycle,Serious,60,Urban
594,2024-01-05,00:00:00,Varanasi,Fog,One Way,Darkness - no lights,1,Auto-Rickshaw,Slight,100,Rural
595,2024-09-27,14:00:00,Lucknow,Clear,One Way,Daylight,5,Bus,Slight,80,Urban
596,2023-04-16,04:00:00,Kanpur,Clear,Single Carriageway,Darkness - lights lit,2,Truck,Serious,80,Urban
597,2024-10-31,19:00:00,Noida,Clear,Single Carriageway,Daylight,5,Motorcycle,Slight,100,Urban
598,2024-10-20,10:00:00,Lucknow,Clear,Slip Road,Daylight,3,Car,Slight,60,Urban
599,2024-10-18,09:00:00,Varanasi,Cloudy,Dual Carriageway,Daylight,5,Motorcycle,Serious,40,Rural
600,2023-04-30,01:00:00,Lucknow,Clear,Dual Carriageway,Daylight,3,Truck,Slight,80,Urban
601,2025-04-10,02:00:00,Agra,Clear,Slip Road,Darkness - lights lit,2,Car,Slight,30,Rural
602,2025-02-25,22:00:00,Varanasi,Rain,Slip Road,Daylight,3,Truck,Slight,80,Rural
603,2024-08-26,22:00:00,Kanpur,Clear,One Way,Daylight,2,Motorcycle,Serious,30,Urban
604,2023-02-27,11:00:00,Noida,Clear,Slip Road,Daylight,2,Bus,Serious,60,Urban
605,2025-08-08,19:00:00,Lucknow,Cloudy,Roundabout,Darkness - lights lit,4,Motorcycle,Slight,80,Urban
606,2023-12-12,04:00:00,Varanasi,Rain,Dual Carriageway,Daylight,2,Motorcycle,Slight,60,Urban
607,2025-01-10,04:00:00,Agra,Cloudy,Slip Road,Daylight,3,Motorcycle,Serious,60,Rural
608,2024-04-18,05:00:00,Varanasi,Clear,Roundabout,Daylight,4,Bicycle,Slight,40,Urban
609,2023-04-27,08:00:00,Allahabad,Clear,Roundabout,Daylight,4,Truck,Slight,80,Urban
610,2025-04-09,01:00:00,Agra,Clear,Roundabout,Daylight,2,Truck,Serious,30,Urban
611,2025-03-01,20:00:00,Kanpur,Clear,Roundabout,Daylight,5,Auto-Rickshaw,Serious,30,Urban
612,2023-05-07,11:00:00,Noida,Fog,One Way,Daylight,5,Truck,Serious,80,Urban
613,2024-01-28,02:00:00,Kanpur,Clear,Roundabout,Darkness - lights lit,4,Auto-Rickshaw,Slight,100,Urban
614,2025-06-26,19:00:00,Lucknow,Fog,One Way,Darkness - lights lit,2,Bicycle,Slight,40,Urban
615,2024-10-02,21:00:00,Varanasi,Rain,One Way,Daylight,5,Bus,Slight,40,Urban
616,2023-02-27,11:00:00,Allahabad,Clear,Roundabout,Darkness - no lights,2,Auto-Rickshaw,Slight,40,Rural
617,2024-09-25,23:00:00,Agra,Clear,Dual Carriageway,Daylight,2,Motorcycle,Slight,30,Rural
618,2024-05-27,16:00:00,Agra,Rain,Roundabout,Daylight,4,Bus,Serious,60,Urban
619,2025-01-20,09:00:00,Varanasi,Clear,Roundabout,Daylight,4,Bicycle,Slight,100,Urban
620,2025-03-12,23:00:00,Allahabad,Fog,Roundabout,Daylight,1,Truck,Serious,40,Rural
621,2023-04-06,13:00:00,Varanasi,Clear,Dual Carriageway,Daylight,5,Auto-Rickshaw,Slight,30,Urban
622,2024-09-29,22:00:00,Lucknow,Clear,Single Carriageway,Daylight,5,Motorcycle,Slight,30,Urban
623,2023-04-28,16:00:00,Kanpur,Clear,Single Carriageway,Daylight,5,Car,Slight,60,Urban
624,2024-07-13,17:00:00,Agra,Cloudy,One Way,Darkness - lights lit,3,Car,Slight,80,Rural
625,2024-08-23,18:00:00,Lucknow,Clear,One Way,Daylight,2,Bus,Slight,80,Urban
626,2024-05-02,16:00:00,Kanpur,Fog,Dual Carriageway,Daylight,4,Truck,Fatal,40,Rural
627,2023-08-25,13:00:00,Lucknow,Clear,Slip Road,Daylight,5,Car,Serious,40,Rural
628,2025-06-03,08:00:00,Allahabad,Rain,Single Carriageway,Daylight,1,Bus,Slight,100,Rural
629,2025-06-15,07:00:00,Agra,Rain,One Way,Daylight,5,Bicycle,Slight,60,Rural
630,2023-09-29,01:00:00,Varanasi,Clear,Single Carriageway,Daylight,2,Bus,Serious,40,Urban
631,2023-07-08,12:00:00,Varanasi,Clear,Dual Carriageway,Darkness - lights lit,2,Bus,Slight,60,Urban
632,2025-09-25,06:00:00,Kanpur,Rain,Dual Carriageway,Daylight,4,Bus,Slight,30,Rural
633,2024-12-04,08:00:00,Noida,Clear,Slip Road,Daylight,3,Motorcycle,Slight,40,Rural
634,2024-03-22,21:00:00,Allahabad,Rain,Slip Road,Daylight,4,Bus,Serious,30,Urban
635,2024-08-03,21:00:00,Kanpur,Clear,Dual Carriageway,Daylight,5,Auto-Rickshaw,Slight,50,Rural
636,2025-02-28,10:00:00,Noida,Fog,One Way,Daylight,1,Bus,Slight,60,Urban
637,2025-05-10,13:00:00,Lucknow,Rain,Single Carriageway,Daylight,4,Motorcycle,Serious,50,Urban
638,2023-09-04,03:00:00,Allahabad,Snow,Roundabout,Daylight,3,Motorcycle,Slight,40,Urban
639,2025-08-20,12:00:00,Lucknow,Clear,Slip Road,Daylight,4,Bicycle,Slight,30,Urban
640,2023-03-17,01:00:00,Agra,Clear,Roundabout,Daylight,2,Truck,Slight,40,Urban
641,2023-06-03,22:00:00,Allahabad,Clear,One Way,Daylight,5,Car,Serious,50,Urban
642,2024-10-17,04:00:00,Noida,Clear,Slip Road,Daylight,5,Car,Slight,40,Urban
643,2024-03-10,10:00:00,Agra,Clear,Roundabout,Daylight,5,Bus,Fatal,100,Urban
644,2025-09-23,05:00:00,Varanasi,Clear,One Way,Daylight,5,Bicycle,Slight,80,Urban
645,2023-03-27,17:00:00,Noida,Rain,Single Carriageway,Daylight,5,Bus,Slight,50,Rural
646,2024-11-27,20:00:00,Kanpur,Clear,One Way,Daylight,5,Car,Fatal,40,Urban
647,2023-10-12,09:00:00,Varanasi,Clear,Slip Road,Daylight,1,Motorcycle,Slight,30,Urban
648,2025-08-31,03:00:00,Varanasi,Rain,Dual Carriageway,Daylight,3,Truck,Slight,40,Urban
649,2023-08-08,08:00:00,Kanpur,Clear,Single Carriageway,Daylight,5,Bicycle,Slight,30,Urban
650,2023-03-10,05:00:00,Allahabad,Clear,Roundabout,Darkness - lights lit,3,Motorcycle,Slight,80,Rural
651,2023-02-16,01:00:00,Varanasi,Cloudy,Slip Road,Daylight,5,Truck,Slight,40,Urban
652,2023-04-04,16:00:00,Noida,Snow,Dual Carriageway,Darkness - lights lit,4,Bicycle,Slight,80,Rural
653,2025-01-19,04:00:00,Agra,Clear,One Way,Daylight,5,Bicycle,Slight,50,Urban
654,2025-08-15,05:00:00,Varanasi,Clear,Dual Carriageway,Daylight,2,Car,Serious,30,Urban
655,2024-03-28,11:00:00,Noida,Rain,Slip Road,Daylight,1,Motorcycle,Slight,100,Urban
656,2023-07-23,22:00:00,Lucknow,Clear,Slip Road,Daylight,4,Bicycle,Fatal,50,Urban
657,2025-06-30,20:00:00,Noida,Clear,Dual Carriageway,Daylight,4,Auto-Rickshaw,Slight,30,Urban
658,2023-08-06,09:00:00,Agra,Clear,One Way,Daylight,2,Bicycle,Slight,80,Urban
659,2024-04-18,21:00:00,Noida,Clear,Dual Carriageway,Daylight,5,Truck,Slight,60,Urban
660,2024-03-07,20:00:00,Kanpur,Clear,Slip Road,Daylight,1,Car,Slight,40,Urban
661,2023-12-07,05:00:00,Agra,Clear,Slip Road,Darkness - lights lit,4,Bus,Slight,80,Rural
662,2024-07-04,07:00:00,Allahabad,Rain,Roundabout,Darkness - lights lit,1,Car,Serious,30,Urban
663,2024-09-03,01:00:00,Lucknow,Snow,Roundabout,Daylight,4,Bus,Serious,30,Urban
664,2023-10-16,11:00:00,Kanpur,Clear,Single Carriageway,Daylight,5,Motorcycle,Fatal,30,Urban
665,2023-09-11,12:00:00,Allahabad,Rain,Slip Road,Daylight,4,Motorcycle,Slight,30,Urban
666,2025-01-03,20:00:00,Noida,Fog,Roundabout,Daylight,4,Bicycle,Serious,40,Urban
667,2023-12-23,06:00:00,Agra,Clear,Dual Carriageway,Daylight,3,Auto-Rickshaw,Slight,50,Rural
668,2023-01-23,09:00:00,Lucknow,Clear,One Way,Darkness - no lights,5,Motorcycle,Slight,100,Rural
669,2025-01-31,12:00:00,Kanpur,Rain,Dual Carriageway,Daylight,2,Bicycle,Serious,60,Urban
670,2024-06-05,16:00:00,Allahabad,Clear,One Way,Daylight,2,Car,Slight,40,Urban
671,2025-01-27,20:00:00,Allahabad,Fog,Roundabout,Daylight,5,Motorcycle,Slight,30,Urban
672,2025-04-16,13:00:00,Lucknow,Clear,Single Carriageway,Darkness - lights lit,2,Car,Slight,40,Rural
673,2023-04-10,01:00:00,Noida,Cloudy,Dual Carriageway,Daylight,5,Car,Slight,80,Urban
674,2025-03-12,21:00:00,Lucknow,Clear,Dual Carriageway,Daylight,2,Auto-Rickshaw,Serious,100,Urban
675,2023-06-29,10:00:00,Allahabad,Clear,Dual Carriageway,Darkness - no lights,3,Motorcycle,Slight,30,Urban
676,2023-08-11,00:00:00,Varanasi,Rain,One Way,Daylight,2,Car,Fatal,60,Rural
677,2025-06-24,18:00:00,Kanpur,Clear,Roundabout,Darkness - lights lit,4,Auto-Rickshaw,Slight,30,Urban
678,2025-01-31,20:00:00,Lucknow,Clear,Dual Carriageway,Daylight,5,Auto-Rickshaw,Slight,100,Urban
679,2024-10-20,03:00:00,Allahabad,Clear,Dual Carriageway,Darkness - lights lit,1,Motorcycle,Slight,60,Rural
680,2024-03-17,18:00:00,Noida,Clear,Single Carriageway,Daylight,1,Auto-Rickshaw,Slight,100,Urban
681,2024-08-30,20:00:00,Allahabad,Clear,Single Carriageway,Daylight,5,Motorcycle,Slight,60,Rural
682,2025-02-07,10:00:00,Noida,Cloudy,Roundabout,Darkness - lights lit,3,Motorcycle,Serious,50,Urban
683,2023-11-21,07:00:00,Lucknow,Clear,Roundabout,Daylight,2,Bus,Serious,50,Rural
684,2024-05-30,10:00:00,Noida,Rain,Slip Road,Daylight,3,Car,Serious,40,Rural
685,2023-01-16,03:00:00,Agra,Rain,Single Carriageway,Daylight,1,Truck,Serious,40,Urban
686,2025-03-02,16:00:00,Agra,Snow,Slip Road,Daylight,5,Motorcycle,Serious,60,Rural
687,2023-12-02,06:00:00,Agra,Clear,One Way,Daylight,5,Car,Slight,30,Urban
688,2025-01-28,07:00:00,Varanasi,Fog,Slip Road,Daylight,3,Auto-Rickshaw,Serious,80,Rural
689,2023-09-15,02:00:00,Lucknow,Clear,Dual Carriageway,Daylight,3,Bicycle,Slight,80,Urban
690,2024-05-11,21:00:00,Allahabad,Rain,Slip Road,Daylight,2,Motorcycle,Slight,30,Rural
691,2025-09-14,01:00:00,Allahabad,Rain,Roundabout,Daylight,4,Auto-Rickshaw,Slight,30,Urban
692,2025-06-14,22:00:00,Varanasi,Fog,One Way,Daylight,4,Auto-Rickshaw,Slight,50,Rural
693,2023-06-09,14:00:00,Noida,Clear,Dual Carriageway,Darkness - lights lit,2,Auto-Rickshaw,Slight,80,Urban
694,2024-04-19,23:00:00,Varanasi,Rain,Slip Road,Darkness - lights lit,4,Auto-Rickshaw,Fatal,60,Rural
695,2025-05-01,21:00:00,Noida,Clear,One Way,Darkness - lights lit,1,Auto-Rickshaw,Slight,100,Rural
696,2024-10-25,21:00:00,Noida,Rain,One Way,Daylight,4,Motorcycle,Slight,40,Urban
697,2025-06-26,04:00:00,Kanpur,Cloudy,Dual Carriageway,Daylight,2,Truck,Slight,100,Rural
698,2024-11-20,23:00:00,Allahabad,Clear,Slip Road,Daylight,4,Bus,Slight,50,Rural
699,2024-11-05,00:00:00,Agra,Cloudy,One Way,Daylight,5,Auto-Rickshaw,Slight,80,Urban
700,2024-01-15,03:00:00,Noida,Clear,One Way,Daylight,3,Auto-Rickshaw,Slight,30,Urban
701,2024-06-28,14:00:00,Kanpur,Clear,Single Carriageway,Daylight,1,Bus,Slight,80,Urban
702,2025-07-17,19:00:00,Allahabad,Clear,One Way,Daylight,5,Motorcycle,Slight,60,Urban
703,2025-08-14,18:00:00,Agra,Clear,Single Carriageway,Darkness - lights lit,5,Car,Serious,50,Urban
704,2024-11-21,02:00:00,Noida,Rain,Slip Road,Daylight,2,Bicycle,Serious,30,Urban
705,2024-03-02,19:00:00,Noida,Clear,Slip Road,Daylight,3,Bicycle,Slight,100,Urban
706,2024-09-04,10:00:00,Varanasi,Clear,Slip Road,Daylight,3,Car,Slight,60,Urban
707,2023-09-25,16:00:00,Varanasi,Snow,Roundabout,Daylight,1,Motorcycle,Slight,100,Urban
708,2025-04-14,12:00:00,Allahabad,Fog,Slip Road,Darkness - lights lit,2,Bicycle,Serious,40,Rural
709,2024-07-30,10:00:00,Agra,Fog,One Way,Daylight,1,Bus,Slight,50,Rural
710,2024-02-21,01:00:00,Noida,Fog,Dual Carriageway,Daylight,4,Car,Slight,60,Urban
711,2023-06-17,08:00:00,Allahabad,Rain,Single Carriageway,Daylight,5,Truck,Serious,60,Rural
712,2025-04-21,01:00:00,Allahabad,Clear,Roundabout,Daylight,1,Motorcycle,Slight,100,Rural
713,2023-02-12,20:00:00,Lucknow,Clear,Slip Road,Daylight,5,Car,Slight,30,Rural
714,2024-07-09,08:00:00,Varanasi,Rain,Slip Road,Darkness - lights lit,2,Bicycle,Slight,40,Urban
715,2023-10-12,08:00:00,Agra,Clear,Dual Carriageway,Darkness - lights lit,4,Motorcycle,Serious,100,Urban
716,2024-02-01,07:00:00,Noida,Rain,Dual Carriageway,Darkness - lights lit,2,Bus,Serious,60,Rural
717,2023-01-12,16:00:00,Allahabad,Clear,Roundabout,Daylight,4,Motorcycle,Serious,50,Rural
718,2024-08-29,00:00:00,Noida,Clear,Single Carriageway,Darkness - lights lit,4,Motorcycle,Slight,60,Rural
719,2023-10-29,10:00:00,Lucknow,Clear,Slip Road,Daylight,5,Bus,Slight,80,Rural
720,2025-06-16,07:00:00,Agra,Rain,Roundabout,Daylight,2,Auto-Rickshaw,Fatal,50,Urban
721,2023-09-10,09:00:00,Allahabad,Clear,One Way,Daylight,2,Bus,Fatal,50,Urban
722,2024-05-13,06:00:00,Noida,Rain,One Way,Daylight,1,Motorcycle,Slight,60,Urban
723,2025-01-23,02:00:00,Varanasi,Clear,Roundabout,Daylight,2,Bus,Serious,30,Urban
724,2023-02-04,02:00:00,Lucknow,Clear,Slip Road,Darkness - lights lit,1,Auto-Rickshaw,Slight,50,Rural
725,2024-12-27,17:00:00,Agra,Fog,Roundabout,Daylight,3,Car,Slight,80,Urban
726,2025-04-28,04:00:00,Lucknow,Rain,Slip Road,Daylight,3,Bus,Slight,100,Urban
727,2023-03-31,11:00:00,Varanasi,Clear,Dual Carriageway,Daylight,3,Bus,Slight,30,Rural
728,2025-02-14,11:00:00,Agra,Fog,Roundabout,Darkness - lights lit,2,Motorcycle,Serious,30,Urban
729,2024-08-27,18:00:00,Lucknow,Clear,Slip Road,Darkness - no lights,2,Car,Slight,30,Rural
730,2025-07-10,05:00:00,Kanpur,Clear,Roundabout,Darkness - lights lit,1,Truck,Slight,50,Rural
731,2025-08-27,01:00:00,Varanasi,Clear,Roundabout,Daylight,4,Truck,Serious,30,Urban
732,2024-08-24,11:00:00,Varanasi,Rain,Slip Road,Daylight,1,Bicycle,Serious,60,Urban
733,2024-02-22,18:00:00,Varanasi,Rain,Slip Road,Daylight,3,Bus,Slight,30,Urban
734,2023-04-25,04:00:00,Kanpur,Clear,Single Carriageway,Daylight,1,Bus,Slight,80,Urban
735,2024-09-08,11:00:00,Kanpur,Fog,Roundabout,Daylight,4,Car,Slight,40,Urban
736,2025-06-21,16:00:00,Noida,Clear,One Way,Daylight,2,Auto-Rickshaw,Slight,80,Urban
737,2023-07-15,16:00:00,Allahabad,Clear,Roundabout,Daylight,1,Truck,Fatal,50,Rural
738,2025-04-05,09:00:00,Lucknow,Clear,Roundabout,Darkness - no lights,3,Bicycle,Serious,30,Urban
739,2024-05-15,22:00:00,Noida,Clear,Slip Road,Daylight,3,Car,Slight,30,Rural
740,2024-09-17,16:00:00,Lucknow,Clear,Roundabout,Daylight,2,Bus,Slight,60,Urban
741,2024-05-07,14:00:00,Allahabad,Clear,Roundabout,Daylight,1,Truck,Slight,100,Urban
742,2023-03-16,11:00:00,Kanpur,Fog,One Way,Darkness - lights lit,4,Bicycle,Serious,30,Rural
743,2024-02-17,15:00:00,Allahabad,Clear,Slip Road,Darkness - lights lit,2,Motorcycle,Slight,80,Urban
744,2024-01-11,23:00:00,Kanpur,Clear,Roundabout,Darkness - lights lit,1,Truck,Slight,50,Urban
745,2024-02-24,18:00:00,Allahabad,Clear,Dual Carriageway,Darkness - lights lit,5,Bicycle,Slight,40,Rural
746,2024-12-29,07:00:00,Noida,Clear,Single Carriageway,Daylight,3,Car,Slight,30,Rural
747,2023-10-04,20:00:00,Agra,Clear,One Way,Daylight,4,Motorcycle,Slight,40,Rural
748,2025-01-30,16:00:00,Noida,Rain,Roundabout,Daylight,4,Bicycle,Slight,30,Urban
749,2024-11-06,22:00:00,Lucknow,Clear,Dual Carriageway,Daylight,4,Bicycle,Serious,50,Urban
750,2024-01-29,04:00:00,Noida,Rain,Roundabout,Daylight,3,Bus,Serious,100,Rural
751,2025-05-18,21:00:00,Varanasi,Fog,Roundabout,Daylight,1,Auto-Rickshaw,Serious,80,Rural
752,2024-04-01,15:00:00,Lucknow,Clear,Slip Road,Darkness - lights lit,2,Truck,Slight,50,Urban
753,2025-07-08,05:00:00,Allahabad,Fog,Slip Road,Darkness - no lights,1,Bus,Slight,40,Rural
754,2023-07-11,07:00:00,Lucknow,Clear,Slip Road,Darkness - lights lit,2,Motorcycle,Slight,30,Urban
755,2025-01-08,17:00:00,Agra,Rain,Dual Carriageway,Darkness - lights lit,4,Auto-Rickshaw,Slight,40,Urban
756,2024-11-19,11:00:00,Kanpur,Clear,Roundabout,Daylight,1,Bicycle,Serious,80,Urban
757,2023-04-09,14:00:00,Allahabad,Clear,Single Carriageway,Daylight,4,Bus,Slight,50,Urban
758,2024-07-01,08:00:00,Lucknow,Clear,One Way,Daylight,5,Auto-Rickshaw,Slight,40,Urban
759,2025-09-04,12:00:00,Allahabad,Clear,Slip Road,Daylight,4,Truck,Serious,40,Urban
760,2025-09-25,14:00:00,Allahabad,Clear,Slip Road,Darkness - lights lit,4,Motorcycle,Fatal,80,Urban
761,2023-04-06,09:00:00,Allahabad,Clear,Roundabout,Daylight,2,Car,Slight,30,Rural
762,2024-10-25,15:00:00,Kanpur,Clear,Roundabout,Darkness - lights lit,5,Bus,Slight,40,Rural
763,2024-10-24,06:00:00,Noida,Snow,Dual Carriageway,Daylight,4,Motorcycle,Slight,80,Rural
764,2023-07-09,16:00:00,Allahabad,Rain,Dual Carriageway,Daylight,4,Car,Slight,30,Rural
765,2025-01-05,22:00:00,Varanasi,Clear,Slip Road,Daylight,5,Bus,Slight,100,Urban
766,2023-02-06,20:00:00,Agra,Clear,Roundabout,Daylight,5,Motorcycle,Slight,30,Urban
767,2025-02-18,21:00:00,Kanpur,Fog,Single Carriageway,Daylight,1,Motorcycle,Fatal,100,Rural
768,2024-01-04,06:00:00,Lucknow,Fog,One Way,Daylight,2,Auto-Rickshaw,Slight,50,Urban
769,2024-11-25,13:00:00,Kanpur,Rain,Roundabout,Darkness - lights lit,5,Bus,Slight,80,Urban
770,2024-06-08,14:00:00,Lucknow,Clear,Roundabout,Daylight,5,Motorcycle,Slight,30,Urban
771,2023-10-06,20:00:00,Kanpur,Clear,Dual Carriageway,Daylight,3,Bicycle,Slight,100,Rural
772,2023-08-05,06:00:00,Lucknow,Clear,One Way,Daylight,5,Bus,Serious,100,Urban
773,2025-05-16,08:00:00,Allahabad,Clear,Slip Road,Daylight,2,Motorcycle,Slight,50,Rural
774,2025-05-22,18:00:00,Noida,Rain,Roundabout,Darkness - no lights,4,Auto-Rickshaw,Slight,60,Urban
775,2025-03-08,15:00:00,Lucknow,Rain,Slip Road,Daylight,4,Car,Slight,80,Rural
776,2023-09-30,07:00:00,Lucknow,Clear,Roundabout,Darkness - no lights,4,Car,Serious,60,Rural
777,2025-05-30,17:00:00,Varanasi,Fog,Slip Road,Daylight,4,Bicycle,Slight,30,Rural
778,2023-03-03,22:00:00,Lucknow,Clear,One Way,Darkness - no lights,3,Bus,Serious,80,Urban
779,2024-08-18,17:00:00,Varanasi,Clear,Dual Carriageway,Daylight,5,Auto-Rickshaw,Slight,50,Urban
780,2025-05-29,19:00:00,Agra,Clear,One Way,Daylight,4,Motorcycle,Slight,30,Rural
781,2024-12-29,06:00:00,Allahabad,Snow,Single Carriageway,Daylight,1,Motorcycle,Slight,80,Urban
782,2023-12-08,02:00:00,Varanasi,Clear,Dual Carriageway,Daylight,4,Car,Serious,80,Urban
783,2024-02-01,17:00:00,Noida,Snow,One Way,Daylight,5,Auto-Rickshaw,Serious,60,Urban
784,2024-11-29,09:00:00,Allahabad,Fog,Single Carriageway,Daylight,4,Bicycle,Slight,30,Rural
785,2023-01-19,06:00:00,Varanasi,Clear,Roundabout,Daylight,3,Car,Slight,50,Urban
786,2023-06-26,16:00:00,Allahabad,Clear,Roundabout,Daylight,2,Car,Slight,50,Rural
787,2024-09-03,13:00:00,Allahabad,Fog,Slip Road,Daylight,2,Bicycle,Slight,30,Urban
788,2024-01-31,23:00:00,Allahabad,Clear,Dual Carriageway,Darkness - lights lit,5,Bus,Slight,30,Urban
789,2024-03-20,02:00:00,Agra,Snow,Roundabout,Daylight,2,Motorcycle,Serious,100,Rural
790,2023-08-21,11:00:00,Noida,Snow,Dual Carriageway,Daylight,2,Bus,Serious,40,Urban
791,2025-07-03,12:00:00,Kanpur,Clear,Roundabout,Daylight,1,Auto-Rickshaw,Slight,60,Urban
792,2023-03-17,01:00:00,Kanpur,Clear,Slip Road,Darkness - lights lit,5,Truck,Slight,30,Rural
793,2023-09-22,02:00:00,Varanasi,Snow,One Way,Daylight,5,Truck,Serious,30,Rural
794,2024-03-30,04:00:00,Allahabad,Rain,Slip Road,Daylight,2,Truck,Serious,40,Urban
795,2025-03-06,10:00:00,Varanasi,Clear,Single Carriageway,Darkness - no lights,2,Bicycle,Slight,40,Rural
796,2024-12-18,07:00:00,Agra,Clear,Roundabout,Darkness - lights lit,2,Car,Slight,80,Rural
797,2025-01-04,22:00:00,Agra,Clear,Single Carriageway,Daylight,3,Bus,Slight,50,Rural
798,2024-01-19,22:00:00,Lucknow,Snow,Single Carriageway,Daylight,4,Motorcycle,Slight,60,Urban
799,2024-07-17,11:00:00,Agra,Fog,Dual Carriageway,Darkness - lights lit,3,Truck,Slight,80,Urban
800,2025-04-30,06:00:00,Lucknow,Rain,Roundabout,Daylight,5,Bus,Slight,30,Rural
801,2024-05-20,14:00:00,Noida,Clear,Single Carriageway,Daylight,1,Truck,Slight,40,Rural
802,2024-01-02,23:00:00,Varanasi,Clear,One Way,Daylight,4,Truck,Slight,100,Urban
803,2023-05-24,16:00:00,Noida,Fog,Single Carriageway,Darkness - lights lit,1,Motorcycle,Slight,50,Urban
804,2025-06-03,03:00:00,Agra,Clear,One Way,Daylight,5,Auto-Rickshaw,Slight,80,Urban
805,2023-03-10,21:00:00,Noida,Clear,Dual Carriageway,Darkness - lights lit,5,Auto-Rickshaw,Serious,100,Urban
806,2023-04-09,12:00:00,Noida,Clear,Single Carriageway,Daylight,1,Auto-Rickshaw,Serious,50,Urban
807,2024-01-31,17:00:00,Noida,Rain,Slip Road,Daylight,1,Bicycle,Slight,100,Urban
808,2023-01-25,00:00:00,Agra,Snow,Dual Carriageway,Daylight,1,Car,Slight,40,Rural
809,2025-08-05,15:00:00,Allahabad,Clear,One Way,Daylight,5,Bicycle,Fatal,80,Urban
810,2025-06-09,12:00:00,Noida,Clear,Dual Carriageway,Darkness - no lights,2,Bus,Slight,80,Rural
811,2024-04-13,09:00:00,Lucknow,Rain,Single Carriageway,Darkness - lights lit,1,Bicycle,Slight,50,Urban
812,2024-04-28,11:00:00,Agra,Cloudy,Roundabout,Daylight,4,Bus,Slight,100,Urban
813,2024-07-18,01:00:00,Noida,Clear,Roundabout,Daylight,5,Bus,Slight,40,Urban
814,2023-05-31,22:00:00,Allahabad,Clear,One Way,Daylight,3,Car,Slight,30,Urban
815,2023-05-24,02:00:00,Agra,Clear,One Way,Daylight,3,Motorcycle,Serious,80,Rural
816,2024-07-22,09:00:00,Kanpur,Fog,Roundabout,Daylight,4,Car,Slight,30,Rural
817,2023-02-08,01:00:00,Allahabad,Clear,One Way,Daylight,2,Auto-Rickshaw,Slight,40,Urban
818,2023-04-19,22:00:00,Lucknow,Clear,Dual Carriageway,Daylight,1,Auto-Rickshaw,Serious,80,Urban
819,2024-11-23,12:00:00,Noida,Rain,Slip Road,Darkness - lights lit,5,Bicycle,Slight,80,Urban
820,2023-02-11,12:00:00,Kanpur,Rain,Slip Road,Darkness - no lights,1,Bus,Slight,100,Rural
821,2023-07-05,17:00:00,Kanpur,Clear,Dual Carriageway,Daylight,5,Truck,Slight,30,Rural
822,2025-07-23,02:00:00,Agra,Fog,Slip Road,Darkness - lights lit,3,Truck,Slight,100,Urban
823,2024-02-02,06:00:00,Kanpur,Clear,Single Carriageway,Daylight,1,Bus,Slight,60,Rural
824,2023-08-11,13:00:00,Lucknow,Clear,Dual Carriageway,Daylight,4,Car,Slight,30,Rural
825,2024-09-25,19:00:00,Lucknow,Clear,One Way,Daylight,2,Motorcycle,Slight,30,Urban
826,2023-05-13,16:00:00,Varanasi,Rain,Dual Carriageway,Daylight,4,Car,Slight,60,Urban
827,2023-06-12,20:00:00,Lucknow,Clear,Roundabout,Daylight,2,Bus,Slight,40,Rural
828,2023-08-03,11:00:00,Allahabad,Fog,One Way,Daylight,1,Bus,Slight,40,Rural
829,2025-01-02,15:00:00,Kanpur,Rain,Roundabout,Darkness - lights lit,1,Motorcycle,Slight,80,Urban
830,2023-08-23,23:00:00,Lucknow,Rain,One Way,Darkness - lights lit,2,Bicycle,Slight,50,Urban
831,2025-04-22,11:00:00,Agra,Rain,Slip Road,Daylight,3,Bicycle,Slight,100,Urban
832,2024-10-19,14:00:00,Varanasi,Rain,Dual Carriageway,Darkness - lights lit,5,Motorcycle,Serious,50,Urban
833,2025-01-20,09:00:00,Kanpur,Clear,Single Carriageway,Daylight,4,Bicycle,Slight,80,Rural
834,2024-08-10,06:00:00,Varanasi,Clear,One Way,Daylight,4,Truck,Slight,50,Urban
835,2023-01-09,19:00:00,Kanpur,Snow,One Way,Daylight,4,Bicycle,Serious,30,Rural
836,2023-03-15,04:00:00,Agra,Clear,Roundabout,Daylight,1,Bicycle,Slight,30,Rural
837,2025-08-11,00:00:00,Varanasi,Rain,Slip Road,Daylight,4,Bicycle,Slight,60,Urban
838,2024-05-06,16:00:00,Noida,Cloudy,Roundabout,Daylight,5,Truck,Serious,60,Urban
839,2025-07-01,02:00:00,Allahabad,Clear,Roundabout,Daylight,5,Bicycle,Serious,80,Urban
840,2023-09-10,12:00:00,Allahabad,Rain,Slip Road,Darkness - lights lit,2,Auto-Rickshaw,Slight,80,Rural
841,2023-08-18,13:00:00,Kanpur,Clear,Single Carriageway,Daylight,1,Truck,Slight,80,Urban
842,2024-06-02,23:00:00,Noida,Clear,Roundabout,Daylight,5,Motorcycle,Slight,30,Rural
843,2023-06-23,17:00:00,Varanasi,Clear,Roundabout,Daylight,3,Car,Serious,50,Rural
844,2024-10-14,03:00:00,Noida,Clear,One Way,Daylight,1,Motorcycle,Slight,100,Urban
845,2023-06-17,17:00:00,Noida,Rain,Slip Road,Daylight,1,Car,Slight,80,Rural
846,2023-06-19,04:00:00,Varanasi,Fog,Dual Carriageway,Darkness - lights lit,5,Motorcycle,Serious,80,Rural
847,2024-01-28,15:00:00,Agra,Rain,Single Carriageway,Daylight,3,Auto-Rickshaw,Slight,30,Urban
848,2025-08-03,00:00:00,Noida,Clear,Single Carriageway,Daylight,2,Car,Serious,100,Urban
849,2025-03-05,20:00:00,Noida,Clear,Slip Road,Daylight,5,Car,Slight,30,Rural
850,2024-09-25,13:00:00,Agra,Rain,One Way,Daylight,3,Bus,Slight,100,Rural
851,2023-07-13,14:00:00,Noida,Clear,One Way,Daylight,1,Car,Slight,30,Urban
852,2024-05-31,08:00:00,Noida,Snow,Slip Road,Daylight,3,Car,Serious,50,Urban
853,2023-01-29,14:00:00,Noida,Fog,One Way,Darkness - lights lit,1,Bus,Slight,80,Urban
854,2023-06-14,16:00:00,Allahabad,Rain,Single Carriageway,Daylight,5,Bicycle,Slight,40,Rural
855,2024-02-26,23:00:00,Lucknow,Snow,Single Carriageway,Daylight,5,Bicycle,Slight,40,Urban
856,2023-12-05,03:00:00,Agra,Clear,Dual Carriageway,Daylight,4,Bus,Serious,80,Urban
857,2024-10-09,11:00:00,Noida,Rain,Slip Road,Daylight,4,Truck,Fatal,80,Rural
858,2024-05-10,04:00:00,Allahabad,Clear,Roundabout,Daylight,4,Car,Slight,80,Urban
859,2023-12-31,04:00:00,Agra,Snow,Roundabout,Darkness - lights lit,5,Car,Slight,80,Rural
860,2025-04-12,10:00:00,Kanpur,Clear,Dual Carriageway,Daylight,2,Bus,Fatal,100,Urban
861,2023-12-08,05:00:00,Kanpur,Rain,Dual Carriageway,Daylight,5,Bus,Slight,50,Rural
862,2024-05-14,06:00:00,Noida,Fog,One Way,Daylight,3,Truck,Slight,40,Urban
863,2024-10-18,23:00:00,Allahabad,Clear,Dual Carriageway,Daylight,5,Auto-Rickshaw,Slight,60,Rural
864,2024-05-25,13:00:00,Allahabad,Clear,Dual Carriageway,Daylight,5,Bicycle,Serious,40,Rural
865,2023-11-23,23:00:00,Agra,Rain,Roundabout,Daylight,1,Motorcycle,Slight,40,Urban
866,2023-08-05,10:00:00,Agra,Clear,One Way,Daylight,1,Auto-Rickshaw,Slight,30,Urban
867,2023-10-28,12:00:00,Allahabad,Clear,Dual Carriageway,Daylight,1,Bicycle,Slight,80,Urban
868,2023-05-12,01:00:00,Agra,Clear,Dual Carriageway,Darkness - lights lit,5,Car,Slight,80,Urban
869,2025-03-14,06:00:00,Allahabad,Clear,One Way,Daylight,2,Auto-Rickshaw,Slight,80,Rural
870,2023-03-11,19:00:00,Lucknow,Fog,Slip Road,Daylight,3,Bus,Slight,30,Rural
871,2023-09-09,03:00:00,Allahabad,Clear,One Way,Daylight,3,Truck,Slight,50,Urban
872,2024-02-19,07:00:00,Kanpur,Clear,Roundabout,Daylight,2,Bicycle,Slight,50,Rural
873,2025-02-25,19:00:00,Agra,Clear,Slip Road,Daylight,2,Truck,Slight,60,Rural
874,2024-03-20,21:00:00,Allahabad,Clear,Single Carriageway,Daylight,3,Bicycle,Serious,50,Rural
875,2025-05-25,20:00:00,Allahabad,Clear,One Way,Daylight,4,Auto-Rickshaw,Serious,50,Urban
876,2023-07-01,18:00:00,Agra,Clear,Roundabout,Daylight,1,Car,Serious,80,Urban
877,2023-06-16,12:00:00,Lucknow,Clear,Slip Road,Daylight,1,Motorcycle,Slight,100,Urban
878,2023-04-01,13:00:00,Lucknow,Clear,One Way,Daylight,3,Truck,Slight,40,Urban
879,2024-12-14,09:00:00,Agra,Rain,Dual Carriageway,Darkness - lights lit,2,Truck,Slight,50,Urban
880,2025-05-07,10:00:00,Varanasi,Clear,One Way,Daylight,4,Motorcycle,Serious,50,Urban
881,2024-06-14,01:00:00,Agra,Rain,Single Carriageway,Daylight,3,Truck,Serious,30,Urban
882,2023-02-08,08:00:00,Agra,Clear,One Way,Daylight,1,Truck,Serious,60,Rural
883,2023-05-06,16:00:00,Lucknow,Clear,Slip Road,Daylight,5,Bicycle,Slight,100,Urban
884,2024-03-26,02:00:00,Lucknow,Rain,Slip Road,Daylight,2,Bicycle,Slight,30,Urban
885,2023-06-22,23:00:00,Agra,Clear,One Way,Daylight,5,Motorcycle,Slight,80,Urban
886,2024-10-14,05:00:00,Agra,Fog,Slip Road,Darkness - lights lit,3,Car,Slight,40,Urban
887,2025-01-23,04:00:00,Agra,Rain,Dual Carriageway,Daylight,1,Auto-Rickshaw,Slight,60,Urban
888,2023-08-08,04:00:00,Lucknow,Clear,One Way,Daylight,4,Auto-Rickshaw,Serious,30,Urban
889,2024-09-29,21:00:00,Agra,Fog,Dual Carriageway,Daylight,5,Truck,Slight,50,Urban
890,2023-02-27,14:00:00,Agra,Rain,Dual Carriageway,Daylight,4,Car,Slight,50,Urban
891,2024-10-21,22:00:00,Noida,Clear,Roundabout,Daylight,1,Motorcycle,Slight,60,Urban
892,2024-04-20,16:00:00,Varanasi,Clear,One Way,Darkness - lights lit,5,Motorcycle,Serious,50,Urban
893,2024-03-31,08:00:00,Kanpur,Clear,Slip Road,Daylight,4,Bicycle,Slight,30,Rural
894,2025-04-08,02:00:00,Varanasi,Fog,Dual Carriageway,Darkness - lights lit,4,Truck,Slight,30,Urban
895,2025-06-13,19:00:00,Noida,Rain,Roundabout,Darkness - lights lit,5,Bus,Serious,50,Urban
896,2023-12-27,16:00:00,Kanpur,Snow,One Way,Darkness - lights lit,1,Motorcycle,Slight,50,Urban
897,2025-07-23,09:00:00,Agra,Rain,One Way,Daylight,4,Truck,Slight,80,Urban
898,2023-01-01,02:00:00,Noida,Clear,Single Carriageway,Daylight,3,Car,Slight,40,Urban
899,2024-01-22,17:00:00,Agra,Clear,Single Carriageway,Daylight,5,Bicycle,Slight,60,Urban
900,2025-08-30,17:00:00,Lucknow,Rain,Dual Carriageway,Daylight,2,Auto-Rickshaw,Serious,30,Rural
901,2023-12-14,16:00:00,Allahabad,Clear,Single Carriageway,Daylight,2,Car,Serious,60,Urban
902,2023-07-09,23:00:00,Noida,Cloudy,Dual Carriageway,Darkness - lights lit,1,Motorcycle,Slight,80,Urban
903,2024-05-19,02:00:00,Lucknow,Clear,Slip Road,Daylight,3,Motorcycle,Slight,30,Rural
904,2023-07-10,02:00:00,Noida,Clear,Dual Carriageway,Daylight,4,Car,Slight,80,Rural
905,2024-05-22,05:00:00,Noida,Rain,Single Carriageway,Daylight,2,Motorcycle,Slight,80,Urban
906,2024-01-04,12:00:00,Lucknow,Rain,Slip Road,Daylight,1,Truck,Slight,100,Urban
907,2024-02-13,23:00:00,Kanpur,Clear,Single Carriageway,Daylight,3,Motorcycle,Slight,50,Urban
908,2025-04-03,14:00:00,Varanasi,Rain,Dual Carriageway,Darkness - lights lit,3,Bicycle,Slight,100,Urban
909,2025-07-17,08:00:00,Agra,Clear,Roundabout,Daylight,1,Truck,Serious,60,Urban
910,2025-07-22,03:00:00,Noida,Rain,One Way,Darkness - lights lit,1,Bus,Slight,60,Urban
911,2023-04-27,13:00:00,Agra,Rain,Single Carriageway,Darkness - lights lit,4,Motorcycle,Slight,50,Rural
912,2023-05-14,04:00:00,Allahabad,Fog,Dual Carriageway,Darkness - lights lit,1,Motorcycle,Slight,100,Urban
913,2023-02-27,01:00:00,Lucknow,Fog,Slip Road,Daylight,4,Bicycle,Serious,60,Urban
914,2024-07-09,10:00:00,Agra,Clear,Single Carriageway,Darkness - lights lit,4,Bicycle,Slight,100,Urban
915,2024-11-15,08:00:00,Lucknow,Clear,Single Carriageway,Daylight,5,Auto-Rickshaw,Slight,50,Rural
916,2024-11-02,23:00:00,Agra,Cloudy,One Way,Daylight,3,Car,Slight,30,Urban
917,2023-06-22,02:00:00,Varanasi,Clear,Dual Carriageway,Daylight,3,Car,Serious,80,Rural
918,2025-04-08,08:00:00,Varanasi,Snow,Roundabout,Daylight,3,Car,Slight,80,Urban
919,2025-03-25,02:00:00,Varanasi,Clear,Slip Road,Daylight,5,Bicycle,Serious,100,Urban
920,2023-05-29,01:00:00,Varanasi,Rain,Dual Carriageway,Daylight,4,Car,Fatal,60,Urban
921,2023-03-21,11:00:00,Varanasi,Fog,Slip Road,Daylight,4,Car,Serious,100,Urban
922,2025-06-04,09:00:00,Varanasi,Snow,Single Carriageway,Darkness - lights lit,1,Bus,Slight,100,Urban
923,2023-08-01,08:00:00,Lucknow,Clear,One Way,Daylight,5,Car,Slight,40,Urban
924,2023-07-22,14:00:00,Noida,Rain,One Way,Daylight,1,Motorcycle,Slight,80,Urban
925,2025-02-02,07:00:00,Agra,Clear,Roundabout,Daylight,5,Auto-Rickshaw,Fatal,50,Rural
926,2023-08-17,04:00:00,Varanasi,Clear,One Way,Daylight,1,Bicycle,Slight,100,Urban
927,2024-11-06,10:00:00,Lucknow,Rain,Single Carriageway,Darkness - lights lit,2,Truck,Slight,40,Urban
928,2023-08-15,01:00:00,Lucknow,Rain,Roundabout,Daylight,3,Auto-Rickshaw,Slight,40,Urban
929,2024-10-20,23:00:00,Lucknow,Snow,Dual Carriageway,Daylight,3,Bus,Slight,80,Rural
930,2024-06-15,14:00:00,Noida,Clear,One Way,Daylight,4,Bicycle,Slight,80,Rural
931,2024-03-16,05:00:00,Agra,Clear,Roundabout,Darkness - lights lit,2,Bicycle,Slight,80,Urban
932,2024-02-06,07:00:00,Noida,Clear,Single Carriageway,Daylight,3,Motorcycle,Slight,50,Urban
933,2023-02-16,04:00:00,Kanpur,Clear,Slip Road,Darkness - lights lit,4,Auto-Rickshaw,Serious,40,Urban
934,2023-08-21,15:00:00,Lucknow,Clear,Slip Road,Daylight,2,Auto-Rickshaw,Slight,60,Rural
935,2023-11-01,17:00:00,Kanpur,Rain,Single Carriageway,Daylight,3,Car,Slight,50,Rural
936,2024-06-09,05:00:00,Allahabad,Clear,Single Carriageway,Daylight,1,Motorcycle,Slight,30,Urban
937,2023-05-23,04:00:00,Varanasi,Snow,Slip Road,Darkness - lights lit,5,Car,Slight,100,Urban
938,2024-02-19,15:00:00,Varanasi,Cloudy,Roundabout,Daylight,2,Car,Serious,80,Urban
939,2024-05-27,12:00:00,Noida,Rain,Slip Road,Daylight,4,Bicycle,Slight,40,Urban
940,2024-01-08,04:00:00,Agra,Snow,Single Carriageway,Daylight,2,Auto-Rickshaw,Slight,100,Rural
941,2024-07-19,12:00:00,Kanpur,Rain,One Way,Daylight,4,Car,Slight,50,Urban
942,2025-06-04,16:00:00,Agra,Clear,Dual Carriageway,Daylight,2,Bus,Serious,30,Urban
943,2023-09-16,17:00:00,Noida,Clear,One Way,Darkness - no lights,4,Bus,Slight,50,Rural
944,2024-10-17,07:00:00,Varanasi,Clear,One Way,Daylight,3,Auto-Rickshaw,Serious,50,Rural
945,2024-04-15,12:00:00,Agra,Clear,Single Carriageway,Daylight,1,Bus,Slight,60,Urban
946,2025-08-10,18:00:00,Agra,Fog,Slip Road,Darkness - lights lit,3,Bicycle,Slight,100,Rural
947,2025-08-28,02:00:00,Varanasi,Clear,Roundabout,Daylight,1,Motorcycle,Slight,60,Urban
948,2023-01-12,23:00:00,Kanpur,Fog,One Way,Daylight,3,Truck,Serious,50,Rural
949,2023-11-26,07:00:00,Varanasi,Rain,Slip Road,Daylight,3,Car,Slight,30,Rural
950,2025-01-05,01:00:00,Agra,Clear,Roundabout,Daylight,2,Truck,Serious,40,Urban
951,2025-02-22,07:00:00,Kanpur,Cloudy,One Way,Daylight,5,Motorcycle,Slight,40,Rural
952,2025-08-25,12:00:00,Kanpur,Clear,Roundabout,Daylight,4,Motorcycle,Slight,100,Rural
953,2023-12-24,12:00:00,Varanasi,Clear,Slip Road,Daylight,4,Bicycle,Slight,80,Urban
954,2025-08-29,00:00:00,Agra,Rain,Dual Carriageway,Daylight,4,Bus,Serious,80,Urban
955,2024-02-12,05:00:00,Noida,Clear,Slip Road,Darkness - lights lit,1,Bus,Slight,40,Rural
956,2024-10-29,23:00:00,Agra,Rain,Single Carriageway,Darkness - lights lit,4,Motorcycle,Serious,50,Urban
957,2024-01-08,18:00:00,Lucknow,Clear,Roundabout,Darkness - lights lit,4,Bicycle,Serious,50,Urban
958,2023-01-08,15:00:00,Allahabad,Clear,Dual Carriageway,Darkness - lights lit,2,Bicycle,Serious,60,Rural
959,2023-05-02,07:00:00,Noida,Cloudy,Roundabout,Daylight,3,Auto-Rickshaw,Slight,100,Rural
960,2023-12-14,00:00:00,Kanpur,Clear,Roundabout,Darkness - lights lit,4,Car,Slight,60,Urban
961,2024-11-06,15:00:00,Noida,Clear,One Way,Daylight,5,Bus,Serious,80,Urban
962,2023-03-31,08:00:00,Kanpur,Clear,Single Carriageway,Daylight,4,Motorcycle,Slight,40,Urban
963,2024-10-09,12:00:00,Kanpur,Snow,Roundabout,Daylight,1,Auto-Rickshaw,Slight,50,Urban
964,2024-11-28,10:00:00,Noida,Clear,Slip Road,Daylight,1,Truck,Slight,40,Urban
965,2023-11-12,12:00:00,Kanpur,Clear,Slip Road,Darkness - lights lit,1,Bus,Slight,30,Rural
966,2023-06-27,20:00:00,Kanpur,Clear,One Way,Darkness - lights lit,4,Car,Slight,40,Urban
967,2024-06-23,09:00:00,Lucknow,Clear,Single Carriageway,Daylight,2,Bicycle,Slight,30,Urban
968,2025-01-01,03:00:00,Agra,Fog,Single Carriageway,Darkness - lights lit,5,Motorcycle,Slight,60,Urban
969,2025-05-18,05:00:00,Agra,Rain,Slip Road,Daylight,4,Bus,Slight,60,Rural
970,2023-02-10,06:00:00,Allahabad,Clear,Dual Carriageway,Daylight,2,Truck,Slight,80,Urban
971,2025-01-09,04:00:00,Allahabad,Rain,One Way,Daylight,2,Car,Slight,40,Urban
972,2024-12-04,10:00:00,Lucknow,Clear,One Way,Daylight,4,Car,Slight,40,Urban
973,2025-07-11,12:00:00,Allahabad,Cloudy,Slip Road,Darkness - lights lit,4,Auto-Rickshaw,Slight,30,Urban
974,2024-05-16,18:00:00,Noida,Cloudy,Slip Road,Darkness - lights lit,2,Bus,Slight,60,Urban
975,2025-08-16,22:00:00,Varanasi,Clear,Dual Carriageway,Darkness - lights lit,2,Truck,Slight,30,Urban
976,2023-05-25,09:00:00,Varanasi,Fog,Dual Carriageway,Daylight,2,Car,Slight,60,Urban
977,2023-07-20,09:00:00,Varanasi,Rain,Single Carriageway,Darkness - lights lit,4,Motorcycle,Serious,30,Urban
978,2025-07-17,10:00:00,Lucknow,Clear,One Way,Daylight,2,Car,Slight,60,Urban
979,2024-12-24,20:00:00,Lucknow,Clear,One Way,Darkness - lights lit,1,Truck,Serious,30,Urban
980,2024-04-05,06:00:00,Kanpur,Clear,Slip Road,Daylight,4,Bicycle,Slight,60,Urban
981,2025-01-01,17:00:00,Varanasi,Rain,Single Carriageway,Daylight,1,Bicycle,Slight,100,Urban
982,2025-01-21,03:00:00,Noida,Cloudy,One Way,Daylight,3,Auto-Rickshaw,Slight,30,Urban
983,2025-07-13,01:00:00,Allahabad,Rain,Single Carriageway,Daylight,4,Bus,Slight,40,Urban
984,2025-06-27,13:00:00,Noida,Fog,Single Carriageway,Daylight,3,Truck,Slight,80,Rural
985,2024-07-11,12:00:00,Allahabad,Rain,Slip Road,Daylight,2,Auto-Rickshaw,Slight,100,Urban
986,2024-06-30,11:00:00,Varanasi,Fog,Single Carriageway,Daylight,2,Car,Slight,100,Urban
987,2023-09-10,06:00:00,Varanasi,Rain,Dual Carriageway,Daylight,5,Car,Slight,30,Urban
988,2024-01-25,01:00:00,Varanasi,Clear,Dual Carriageway,Daylight,2,Bicycle,Slight,80,Rural
989,2024-08-16,12:00:00,Lucknow,Clear,Roundabout,Daylight,3,Auto-Rickshaw,Serious,40,Rural
990,2025-06-01,13:00:00,Allahabad,Fog,Slip Road,Daylight,2,Bicycle,Slight,100,Urban
991,2023-09-13,16:00:00,Lucknow,Clear,Roundabout,Daylight,4,Motorcycle,Slight,40,Urban
992,2024-12-09,08:00:00,Lucknow,Fog,Dual Carriageway,Daylight,2,Bicycle,Slight,60,Urban
993,2025-03-25,16:00:00,Agra,Clear,Roundabout,Darkness - lights lit,5,Motorcycle,Slight,80,Urban
994,2025-07-09,07:00:00,Noida,Clear,Slip Road,Darkness - lights lit,2,Car,Serious,50,Urban
995,2024-03-25,01:00:00,Noida,Fog,Slip Road,Daylight,3,Auto-Rickshaw,Slight,60,Rural
996,2023-01-10,23:00:00,Kanpur,Clear,Single Carriageway,Darkness - lights lit,3,Motorcycle,Slight,80,Urban
997,2025-04-03,12:00:00,Lucknow,Clear,One Way,Darkness - lights lit,2,Auto-Rickshaw,Serious,30,Rural
998,2025-03-08,02:00:00,Allahabad,Clear,Single Carriageway,Darkness - no lights,3,Auto-Rickshaw,Slight,30,Urban
999,2023-08-30,15:00:00,Agra,Fog,Slip Road,Daylight,3,Motorcycle,Slight,40,Rural
1000,2023-09-08,05:00:00,Agra,Clear,Dual Carriageway,Daylight,5,Bus,Fatal,100,Rural
